date,total_ridership,service_frequency,is_holiday,ridership_per_service
2019-01-01,402968,6,1,67161.33333333333
2019-01-02,658114,6,0,109685.66666666667
2019-01-03,681570,6,0,113595.0
2019-01-04,725187,6,0,120864.5
2019-01-05,408419,6,0,68069.83333333333
2019-01-06,342432,6,0,57072.0
2019-01-07,715212,6,0,119202.0
2019-01-08,719271,6,0,119878.5
2019-01-09,725458,6,0,120909.66666666667
2019-01-10,731261,6,0,121876.83333333333
2019-01-11,773973,6,0,128995.5
2019-01-12,431931,6,0,71988.5
2019-01-13,370104,6,0,61684.0
2019-01-14,729825,6,0,121637.5
2019-01-15,722287,6,0,120381.16666666667
2019-01-16,736489,6,0,122748.16666666667
2019-01-17,742138,6,0,123689.66666666667
2019-01-18,796281,6,0,132713.5
2019-01-19,445597,6,0,74266.16666666667
2019-01-20,368258,6,0,61376.333333333336
2019-01-21,358450,6,1,59741.666666666664
2019-01-22,721713,6,0,120285.5
2019-01-23,731232,6,0,121872.0
2019-01-24,738099,6,0,123016.5
2019-01-25,795136,6,0,132522.66666666666
2019-01-26,465518,6,0,77586.33333333333
2019-01-27,378959,6,0,63159.833333333336
2019-01-28,739143,6,0,123190.5
2019-01-29,749451,6,0,124908.5
2019-01-30,756930,6,0,126155.0
2019-01-31,786566,6,0,131094.33333333334
2019-02-01,469491,6,1,78248.5
2019-02-02,385001,6,0,64166.833333333336
2019-02-03,347308,6,0,57884.666666666664
2019-02-04,496773,6,0,82795.5
2019-02-05,376804,6,1,62800.666666666664
2019-02-06,333729,6,1,55621.5
2019-02-07,552761,6,0,92126.83333333333
2019-02-08,584101,6,0,97350.16666666667
2019-02-09,375785,6,0,62630.833333333336
2019-02-10,332385,6,0,55397.5
2019-02-11,717696,6,0,119616.0
2019-02-12,727503,6,0,121250.5
2019-02-13,722933,6,0,120488.83333333333
2019-02-14,746498,6,0,124416.33333333333
2019-02-15,776878,6,0,129479.66666666667
2019-02-16,454619,6,0,75769.83333333333
2019-02-17,368979,6,0,61496.5
2019-02-18,699999,6,0,116666.5
2019-02-19,662501,6,0,110416.83333333333
2019-02-20,739742,6,0,123290.33333333333
2019-02-21,742936,6,0,123822.66666666667
2019-02-22,788763,6,0,131460.5
2019-02-23,434610,6,0,72435.0
2019-02-24,361035,6,0,60172.5
2019-02-25,730723,6,0,121787.16666666667
2019-02-26,735024,6,0,122504.0
2019-02-27,739772,6,0,123295.33333333333
2019-02-28,749755,6,0,124959.16666666667
2019-03-01,806263,6,0,134377.16666666666
2019-03-02,464142,6,0,77357.0
2019-03-03,386135,6,0,64355.833333333336
2019-03-04,730491,6,0,121748.5
2019-03-05,741906,6,0,123651.0
2019-03-06,755978,6,0,125996.33333333333
2019-03-07,758524,6,0,126420.66666666667
2019-03-08,827333,6,0,137888.83333333334
2019-03-09,452355,6,0,75392.5
2019-03-10,369258,6,0,61543.0
2019-03-11,737428,6,0,122904.66666666667
2019-03-12,747534,6,0,124589.0
2019-03-13,745208,6,0,124201.33333333333
2019-03-14,745216,6,0,124202.66666666667
2019-03-15,815207,6,0,135867.83333333334
2019-03-16,487703,6,0,81283.83333333333
2019-03-17,390719,6,0,65119.833333333336
2019-03-18,723295,6,0,120549.16666666667
2019-03-19,732209,6,0,122034.83333333333
2019-03-20,739994,6,0,123332.33333333333
2019-03-21,753705,6,0,125617.5
2019-03-22,799601,6,1,133266.83333333334
2019-03-23,435373,6,1,72562.16666666667
2019-03-24,355167,6,1,59194.5
2019-03-25,716058,6,1,119343.0
2019-03-26,729358,6,1,121559.66666666667
2019-03-27,741447,6,1,123574.5
2019-03-28,742759,6,1,123793.16666666667
2019-03-29,860003,6,1,143333.83333333334
2019-03-30,478863,6,1,79810.5
2019-03-31,388265,6,1,64710.833333333336
2019-04-01,734210,6,0,122368.33333333333
2019-04-02,755353,6,0,125892.16666666667
2019-04-03,766902,6,0,127817.0
2019-04-04,770860,6,0,128476.66666666667
2019-04-05,824283,6,0,137380.5
2019-04-06,497274,6,0,82879.0
2019-04-07,410039,6,0,68339.83333333333
2019-04-08,742974,6,0,123829.0
2019-04-09,748619,6,0,124769.83333333333
2019-04-10,749395,6,0,124899.16666666667
2019-04-11,748667,6,0,124777.83333333333
2019-04-12,794082,6,0,132347.0
2019-04-13,476671,6,0,79445.16666666667
2019-04-14,387326,6,0,64554.333333333336
2019-04-15,732766,6,0,122127.66666666667
2019-04-16,737663,6,0,122943.83333333333
2019-04-17,738264,6,0,123044.0
2019-04-18,743115,6,0,123852.5
2019-04-19,783152,6,0,130525.33333333333
2019-04-20,430600,6,0,71766.66666666667
2019-04-21,364938,6,0,60823.0
2019-04-22,721154,6,0,120192.33333333333
2019-04-23,722891,6,0,120481.83333333333
2019-04-24,747740,6,0,124623.33333333333
2019-04-25,746654,6,0,124442.33333333333
2019-04-26,799465,6,0,133244.16666666666
2019-04-27,484303,6,0,80717.16666666667
2019-04-28,381830,6,0,63638.333333333336
2019-04-29,739773,6,0,123295.5
2019-04-30,774342,6,0,129057.0
2019-05-01,460750,6,1,76791.66666666667
2019-05-02,782058,6,0,130343.0
2019-05-03,835071,6,0,139178.5
2019-05-04,477018,6,0,79503.0
2019-05-05,382931,6,0,63821.833333333336
2019-05-06,701330,6,0,116888.33333333333
2019-05-07,729149,6,0,121524.83333333333
2019-05-08,732305,6,0,122050.83333333333
2019-05-09,733660,6,0,122276.66666666667
2019-05-10,777371,6,0,129561.83333333333
2019-05-11,387595,6,0,64599.166666666664
2019-05-12,326953,6,0,54492.166666666664
2019-05-13,716682,6,0,119447.0
2019-05-14,729597,6,0,121599.5
2019-05-15,735428,6,0,122571.33333333333
2019-05-16,740391,6,0,123398.5
2019-05-17,792642,6,0,132107.0
2019-05-18,402377,6,0,67062.83333333333
2019-05-19,343227,6,1,57204.5
2019-05-20,326915,6,0,54485.833333333336
2019-05-21,643019,6,0,107169.83333333333
2019-05-22,349144,6,0,58190.666666666664
2019-05-23,732659,6,0,122109.83333333333
2019-05-24,789675,6,1,131612.5
2019-05-25,444254,6,1,74042.33333333333
2019-05-26,377592,6,1,62932.0
2019-05-27,747204,6,1,124534.0
2019-05-28,758129,6,1,126354.83333333333
2019-05-29,767320,6,1,127886.66666666667
2019-05-30,768457,6,1,128076.16666666667
2019-05-31,804567,6,1,134094.5
2019-06-01,453066,6,1,75511.0
2019-06-02,379857,6,1,63309.5
2019-06-03,630274,6,1,105045.66666666667
2019-06-04,567279,6,1,94546.5
2019-06-05,385675,6,1,64279.166666666664
2019-06-06,375471,6,1,62578.5
2019-06-07,488404,6,1,81400.66666666667
2019-06-08,342704,6,1,57117.333333333336
2019-06-09,330017,6,1,55002.833333333336
2019-06-10,659452,6,0,109908.66666666667
2019-06-11,716459,6,0,119409.83333333333
2019-06-12,732631,6,0,122105.16666666667
2019-06-13,736426,6,0,122737.66666666667
2019-06-14,778023,6,0,129670.5
2019-06-15,426127,6,0,71021.16666666667
2019-06-16,352516,6,0,58752.666666666664
2019-06-17,732007,6,0,122001.16666666667
2019-06-18,746097,6,0,124349.5
2019-06-19,761927,6,0,126987.83333333333
2019-06-20,760502,6,0,126750.33333333333
2019-06-21,805120,6,0,134186.66666666666
2019-06-22,452438,6,0,75406.33333333333
2019-06-23,372364,6,0,62060.666666666664
2019-06-24,652439,6,0,108739.83333333333
2019-06-25,749568,6,0,124928.0
2019-06-26,761086,6,0,126847.66666666667
2019-06-27,764947,6,0,127491.16666666667
2019-06-28,820225,6,0,136704.16666666666
2019-06-29,480880,6,0,80146.66666666667
2019-06-30,405494,6,0,67582.33333333333
2019-07-01,756323,6,0,126053.83333333333
2019-07-02,760673,6,0,126778.83333333333
2019-07-03,773167,6,0,128861.16666666667
2019-07-04,777166,6,0,129527.66666666667
2019-07-05,843762,6,0,140627.0
2019-07-06,518302,6,0,86383.66666666667
2019-07-07,402065,6,0,67010.83333333333
2019-07-08,769466,6,0,128244.33333333333
2019-07-09,769342,6,0,128223.66666666667
2019-07-10,775488,6,0,129248.0
2019-07-11,773467,6,0,128911.16666666667
2019-07-12,842211,6,0,140368.5
2019-07-13,487027,6,0,81171.16666666667
2019-07-14,392389,6,0,65398.166666666664
2019-07-15,761819,6,0,126969.83333333333
2019-07-16,758707,6,0,126451.16666666667
2019-07-17,772461,6,0,128743.5
2019-07-18,775798,6,0,129299.66666666667
2019-07-19,823344,6,0,137224.0
2019-07-20,448442,6,0,74740.33333333333
2019-07-21,364326,6,0,60721.0
2019-07-22,748266,6,0,124711.0
2019-07-23,758100,6,0,126350.0
2019-07-24,762343,6,0,127057.16666666667
2019-07-25,775348,6,0,129224.66666666667
2019-07-26,836630,6,0,139438.33333333334
2019-07-27,523319,6,0,87219.83333333333
2019-07-28,393497,6,0,65582.83333333333
2019-07-29,728011,6,0,121335.16666666667
2019-07-30,399930,6,1,66655.0
2019-07-31,765310,6,0,127551.66666666667
2019-08-01,769888,6,0,128314.66666666667
2019-08-02,818007,6,0,136334.5
2019-08-03,461922,6,0,76987.0
2019-08-04,375355,6,0,62559.166666666664
2019-08-05,762447,6,0,127074.5
2019-08-06,767025,6,0,127837.5
2019-08-07,777116,6,0,129519.33333333333
2019-08-08,792698,6,0,132116.33333333334
2019-08-09,852582,6,1,142097.0
2019-08-10,438400,6,1,73066.66666666667
2019-08-11,392452,6,1,65408.666666666664
2019-08-12,385019,6,1,64169.833333333336
2019-08-13,699920,6,1,116653.33333333333
2019-08-14,749364,6,1,124894.0
2019-08-15,772097,6,1,128682.83333333333
2019-08-16,786169,6,1,131028.16666666667
2019-08-17,456580,6,1,76096.66666666667
2019-08-18,358788,6,1,59798.0
2019-08-19,745007,6,0,124167.83333333333
2019-08-20,750962,6,0,125160.33333333333
2019-08-21,759025,6,0,126504.16666666667
2019-08-22,773564,6,0,128927.33333333333
2019-08-23,807491,6,0,134581.83333333334
2019-08-24,453490,6,0,75581.66666666667
2019-08-25,370204,6,0,61700.666666666664
2019-08-26,748703,6,0,124783.83333333333
2019-08-27,756255,6,0,126042.5
2019-08-28,762633,6,0,127105.5
2019-08-29,771382,6,0,128563.66666666667
2019-08-30,844712,6,0,140785.33333333334
2019-08-31,461540,6,1,76923.33333333333
2019-09-01,386806,6,1,64467.666666666664
2019-09-02,372398,6,0,62066.333333333336
2019-09-03,731281,6,0,121880.16666666667
2019-09-04,745343,6,0,124223.83333333333
2019-09-05,752264,6,0,125377.33333333333
2019-09-06,828573,6,0,138095.5
2019-09-07,476224,6,0,79370.66666666667
2019-09-08,423888,6,0,70648.0
2019-09-09,375679,6,1,62613.166666666664
2019-09-10,768662,6,0,128110.33333333333
2019-09-11,752979,6,0,125496.5
2019-09-12,762472,6,0,127078.66666666667
2019-09-13,824340,6,0,137390.0
2019-09-14,462820,6,0,77136.66666666667
2019-09-15,388996,6,0,64832.666666666664
2019-09-16,372089,6,1,62014.833333333336
2019-09-17,732720,6,0,122120.0
2019-09-18,740415,6,0,123402.5
2019-09-19,724312,6,0,120718.66666666667
2019-09-20,765014,6,0,127502.33333333333
2019-09-21,432181,6,0,72030.16666666667
2019-09-22,348945,6,0,58157.5
2019-09-23,726737,6,0,121122.83333333333
2019-09-24,742141,6,0,123690.16666666667
2019-09-25,752481,6,0,125413.5
2019-09-26,765992,6,0,127665.33333333333
2019-09-27,828935,6,0,138155.83333333334
2019-09-28,483043,6,0,80507.16666666667
2019-09-29,414890,6,0,69148.33333333333
2019-09-30,748998,6,0,124833.0
2019-10-01,765283,6,0,127547.16666666667
2019-10-02,776225,6,0,129370.83333333333
2019-10-03,779199,6,0,129866.5
2019-10-04,844695,6,0,140782.5
2019-10-05,491286,6,0,81881.0
2019-10-06,410631,6,0,68438.5
2019-10-07,769906,6,0,128317.66666666667
2019-10-08,779814,6,0,129969.0
2019-10-09,796473,6,0,132745.5
2019-10-10,800121,6,0,133353.5
2019-10-11,864066,6,0,144011.0
2019-10-12,489350,6,0,81558.33333333333
2019-10-13,407609,6,0,67934.83333333333
2019-10-14,783094,6,0,130515.66666666667
2019-10-15,790371,6,0,131728.5
2019-10-16,793678,6,0,132279.66666666666
2019-10-17,799263,6,0,133210.5
2019-10-18,848306,6,0,141384.33333333334
2019-10-19,474387,6,0,79064.5
2019-10-20,407436,6,0,67906.0
2019-10-21,769932,6,0,128322.0
2019-10-22,783351,6,0,130558.5
2019-10-23,796939,6,0,132823.16666666666
2019-10-24,820244,6,0,136707.33333333334
2019-10-25,868127,6,0,144687.83333333334
2019-10-26,464521,6,0,77420.16666666667
2019-10-27,413653,6,1,68942.16666666667
2019-10-28,378563,6,0,63093.833333333336
2019-10-29,723385,6,0,120564.16666666667
2019-10-30,763143,6,0,127190.5
2019-10-31,776081,6,0,129346.83333333333
2019-11-01,832457,6,0,138742.83333333334
2019-11-02,525890,6,0,87648.33333333333
2019-11-03,417567,6,0,69594.5
2019-11-04,779208,6,0,129868.0
2019-11-05,783831,6,0,130638.5
2019-11-06,790468,6,0,131744.66666666666
2019-11-07,799297,6,0,133216.16666666666
2019-11-08,836298,6,0,139383.0
2019-11-09,466728,6,1,77788.0
2019-11-10,413948,6,0,68991.33333333333
2019-11-11,777041,6,0,129506.83333333333
2019-11-12,779354,6,0,129892.33333333333
2019-11-13,789982,6,0,131663.66666666666
2019-11-14,822615,6,0,137102.5
2019-11-15,847202,6,0,141200.33333333334
2019-11-16,471449,6,0,78574.83333333333
2019-11-17,402857,6,0,67142.83333333333
2019-11-18,774630,6,0,129105.0
2019-11-19,844484,6,0,140747.33333333334
2019-11-20,792760,6,0,132126.66666666666
2019-11-21,786099,6,0,131016.5
2019-11-22,828186,6,1,138031.0
2019-11-23,475680,6,1,79280.0
2019-11-24,400193,6,1,66698.83333333333
2019-11-25,765525,6,1,127587.5
2019-11-26,777203,6,1,129533.83333333333
2019-11-27,796541,6,1,132756.83333333334
2019-11-28,801279,6,1,133546.5
2019-11-29,853397,6,1,142232.83333333334
2019-11-30,506138,6,1,84356.33333333333
2019-12-01,439659,6,1,73276.5
2019-12-02,777385,6,1,129564.16666666667
2019-12-03,787062,6,1,131177.0
2019-12-04,776690,6,1,129448.33333333333
2019-12-05,798942,6,1,133157.0
2019-12-06,839859,6,1,139976.5
2019-12-07,535386,6,1,89231.0
2019-12-08,450573,6,1,75095.5
2019-12-09,777119,6,1,129519.83333333333
2019-12-10,785150,6,1,130858.33333333333
2019-12-11,774415,6,1,129069.16666666667
2019-12-12,797093,6,1,132848.83333333334
2019-12-13,816359,6,1,136059.83333333334
2019-12-14,495545,6,1,82590.83333333333
2019-12-15,422687,6,1,70447.83333333333
2019-12-16,759967,6,1,126661.16666666667
2019-12-17,773954,6,1,128992.33333333333
2019-12-18,791543,6,1,131923.83333333334
2019-12-19,789042,6,1,131507.0
2019-12-20,838386,6,1,139731.0
2019-12-21,555854,6,1,92642.33333333333
2019-12-22,465604,6,1,77600.66666666667
2019-12-23,750447,6,1,125074.5
2019-12-24,765639,6,1,127606.5
2019-12-25,492597,6,1,82099.5
2019-12-26,697407,6,1,116234.5
2019-12-27,724014,6,1,120669.0
2019-12-28,446785,6,1,74464.16666666667
2019-12-29,394461,6,1,65743.5
2019-12-30,696345,6,1,116057.5
2019-12-31,891594,6,1,148599.0
2020-01-01,447279,6,1,74546.5
2020-01-02,713618,6,0,118936.33333333333
2020-01-03,759523,6,0,126587.16666666667
2020-01-04,431041,6,0,71840.16666666667
2020-01-05,368683,6,0,61447.166666666664
2020-01-06,771678,6,0,128613.0
2020-01-07,785231,6,0,130871.83333333333
2020-01-08,795130,6,0,132521.66666666666
2020-01-09,800330,6,0,133388.33333333334
2020-01-10,850735,6,0,141789.16666666666
2020-01-11,476384,6,0,79397.33333333333
2020-01-12,407279,6,0,67879.83333333333
2020-01-13,800119,6,0,133353.16666666666
2020-01-14,804890,6,0,134148.33333333334
2020-01-15,801159,6,0,133526.5
2020-01-16,814218,6,0,135703.0
2020-01-17,862900,6,0,143816.66666666666
2020-01-18,492871,6,0,82145.16666666667
2020-01-19,408840,6,0,68140.0
2020-01-20,806286,6,0,134381.0
2020-01-21,809591,6,0,134931.83333333334
2020-01-22,829945,6,0,138324.16666666666
2020-01-23,765947,6,0,127657.83333333333
2020-01-24,605827,6,0,100971.16666666667
2020-01-25,381448,6,1,63574.666666666664
2020-01-26,351228,6,1,58538.0
2020-01-27,333062,6,0,55510.333333333336
2020-01-28,591514,6,0,98585.66666666667
2020-01-29,625204,6,0,104200.66666666667
2020-01-30,687993,6,0,114665.5
2020-01-31,697997,6,0,116332.83333333333
2020-02-01,367747,6,0,61291.166666666664
2020-02-02,337930,6,0,56321.666666666664
2020-02-03,752950,6,0,125491.66666666667
2020-02-04,768948,6,0,128158.0
2020-02-05,774680,6,0,129113.33333333333
2020-02-06,784810,6,0,130801.66666666667
2020-02-07,795399,6,0,132566.5
2020-02-08,406171,6,1,67695.16666666667
2020-02-09,374316,6,0,62386.0
2020-02-10,769817,6,0,128302.83333333333
2020-02-11,775966,6,0,129327.66666666667
2020-02-12,780105,6,0,130017.5
2020-02-13,783135,6,0,130522.5
2020-02-14,846273,6,0,141045.5
2020-02-15,436071,6,0,72678.5
2020-02-16,360514,6,0,60085.666666666664
2020-02-17,767802,6,0,127967.0
2020-02-18,769620,6,0,128270.0
2020-02-19,776510,6,0,129418.33333333333
2020-02-20,784648,6,0,130774.66666666667
2020-02-21,823417,6,0,137236.16666666666
2020-02-22,431655,6,0,71942.5
2020-02-23,351785,6,0,58630.833333333336
2020-02-24,758651,6,0,126441.83333333333
2020-02-25,768565,6,0,128094.16666666667
2020-02-26,773562,6,0,128927.0
2020-02-27,778858,6,0,129809.66666666667
2020-02-28,834993,6,0,139165.5
2020-02-29,459328,6,0,76554.66666666667
2020-03-01,383226,6,0,63871.0
2020-03-02,768480,6,0,128080.0
2020-03-03,772986,6,0,128831.0
2020-03-04,773482,6,0,128913.66666666667
2020-03-05,768796,6,0,128132.66666666667
2020-03-06,802830,6,0,133805.0
2020-03-07,401519,6,0,66919.83333333333
2020-03-08,354378,6,0,59063.0
2020-03-09,731499,6,0,121916.5
2020-03-10,736158,6,0,122693.0
2020-03-11,726641,6,0,121106.83333333333
2020-03-12,714085,6,0,119014.16666666667
2020-03-13,736063,6,1,122677.16666666667
2020-03-14,331113,6,1,55185.5
2020-03-15,275025,6,1,45837.5
2020-03-16,586271,6,1,97711.83333333333
2020-03-17,524986,6,1,87497.66666666667
2022-01-01,384122,10,0,38412.2
2022-01-02,327878,10,0,32787.8
2022-01-03,494486,10,0,49448.6
2022-01-04,503110,10,0,50311.0
2022-01-05,508754,10,0,50875.4
2022-01-06,506953,10,0,50695.3
2022-01-07,519304,10,0,51930.4
2022-01-08,374793,10,0,37479.3
2022-01-09,336859,10,0,33685.9
2022-01-10,535564,10,0,53556.4
2022-01-11,535507,10,0,53550.7
2022-01-12,534945,10,0,53494.5
2022-01-13,528262,10,0,52826.2
2022-01-14,535769,10,0,53576.9
2022-01-15,366020,11,0,33274.545454545456
2022-01-16,324608,11,0,29509.81818181818
2022-01-17,516943,11,0,46994.818181818184
2022-01-18,318573,11,0,28961.18181818182
2022-01-19,543777,11,0,49434.27272727273
2022-01-20,538186,11,0,48926.0
2022-01-21,548248,11,0,49840.72727272727
2022-01-22,298515,11,0,27137.727272727272
2022-01-23,309614,11,0,28146.727272727272
2022-01-24,533153,11,0,48468.454545454544
2022-01-25,543378,11,0,49398.0
2022-01-26,549772,11,0,49979.27272727273
2022-01-27,541508,11,0,49228.0
2022-01-28,555050,11,0,50459.09090909091
2022-01-29,364472,11,0,33133.818181818184
2022-01-30,330092,11,0,30008.363636363636
2022-01-31,420403,11,0,38218.454545454544
2022-02-01,361490,11,1,32862.72727272727
2022-02-02,310805,11,1,28255.0
2022-02-03,341320,11,0,31029.090909090908
2022-02-04,389174,11,0,35379.454545454544
2022-02-05,303702,11,0,27609.272727272728
2022-02-06,280404,11,0,25491.272727272728
2022-02-07,497134,11,0,45194.0
2022-02-08,491720,11,0,44701.818181818184
2022-02-09,478719,11,0,43519.90909090909
2022-02-10,466654,11,0,42423.09090909091
2022-02-11,475395,11,0,43217.72727272727
2022-02-12,321872,11,0,29261.090909090908
2022-02-13,293346,11,0,26667.81818181818
2022-02-14,472738,11,0,42976.181818181816
2022-02-15,464624,11,0,42238.545454545456
2022-02-16,465930,11,0,42357.27272727273
2022-02-17,454532,11,0,41321.09090909091
2022-02-18,452013,11,0,41092.09090909091
2022-02-19,315236,11,0,28657.81818181818
2022-02-20,276527,11,0,25138.81818181818
2022-02-21,445209,11,0,40473.545454545456
2022-02-22,443064,11,0,40278.545454545456
2022-02-23,444199,11,0,40381.72727272727
2022-02-24,426701,11,0,38791.0
2022-02-25,439683,11,0,39971.181818181816
2022-02-26,316990,11,0,28817.272727272728
2022-02-27,285113,11,0,25919.363636363636
2022-02-28,438438,11,0,39858.0
2022-03-01,440949,11,0,40086.27272727273
2022-03-02,449362,11,0,40851.09090909091
2022-03-03,444163,11,0,40378.454545454544
2022-03-04,441115,11,0,40101.36363636364
2022-03-05,315504,11,0,28682.18181818182
2022-03-06,313930,11,0,28539.090909090908
2022-03-07,468877,11,0,42625.181818181816
2022-03-08,455547,11,0,41413.36363636364
2022-03-09,465100,11,0,42281.818181818184
2022-03-10,460586,11,0,41871.454545454544
2022-03-11,459742,11,0,41794.72727272727
2022-03-12,332483,11,0,30225.727272727272
2022-03-13,313883,11,0,28534.81818181818
2022-03-14,457486,11,0,41589.63636363636
2022-03-15,460744,11,0,41885.818181818184
2022-03-16,467035,11,0,42457.72727272727
2022-03-17,462232,11,0,42021.09090909091
2022-03-18,476104,11,0,43282.181818181816
2022-03-19,355472,11,0,32315.636363636364
2022-03-20,321051,11,0,29186.454545454544
2022-03-21,460091,11,0,41826.454545454544
2022-03-22,461100,11,0,41918.181818181816
2022-03-23,475667,11,0,43242.454545454544
2022-03-24,474450,11,0,43131.818181818184
2022-03-25,501295,11,0,45572.27272727273
2022-03-26,382398,11,0,34763.454545454544
2022-03-27,345233,11,0,31384.81818181818
2022-03-28,485451,11,0,44131.90909090909
2022-03-29,492905,11,0,44809.545454545456
2022-03-30,513299,11,0,46663.545454545456
2022-03-31,523801,11,0,47618.27272727273
2022-04-01,569458,11,0,51768.90909090909
2022-04-02,418081,11,0,38007.36363636364
2022-04-03,278908,11,0,25355.272727272728
2022-04-04,503033,11,0,45730.27272727273
2022-04-05,511739,11,0,46521.72727272727
2022-04-06,525366,11,0,47760.545454545456
2022-04-07,529151,11,0,48104.63636363636
2022-04-08,518972,11,0,47179.27272727273
2022-04-09,344656,11,0,31332.363636363636
2022-04-10,323750,11,0,29431.81818181818
2022-04-11,537838,11,0,48894.36363636364
2022-04-12,544292,11,0,49481.09090909091
2022-04-13,556019,11,0,50547.181818181816
2022-04-14,554289,11,0,50389.90909090909
2022-04-15,573700,11,0,52154.545454545456
2022-04-16,394937,11,0,35903.36363636364
2022-04-17,350985,11,0,31907.727272727272
2022-04-18,535712,11,0,48701.09090909091
2022-04-19,351636,11,0,31966.909090909092
2022-04-20,579617,11,0,52692.454545454544
2022-04-21,585133,11,0,53193.90909090909
2022-04-22,620060,11,0,56369.09090909091
2022-04-23,487018,11,0,44274.36363636364
2022-04-24,432097,11,0,39281.545454545456
2022-04-25,618202,11,0,56200.181818181816
2022-04-26,627617,11,0,57056.09090909091
2022-04-27,641995,11,0,58363.181818181816
2022-04-28,648689,11,0,58971.72727272727
2022-04-29,661453,11,0,60132.09090909091
2022-04-30,466238,11,0,42385.27272727273
2022-05-01,448064,11,1,40733.09090909091
2022-05-02,397241,11,0,36112.818181818184
2022-05-03,460154,11,1,41832.181818181816
2022-05-04,396378,11,1,36034.36363636364
2022-05-05,466693,11,0,42426.63636363636
2022-05-06,469890,11,0,42717.27272727273
2022-05-07,397152,11,0,36104.72727272727
2022-05-08,390036,11,0,35457.818181818184
2022-05-09,602885,11,0,54807.72727272727
2022-05-10,621592,11,0,56508.36363636364
2022-05-11,633278,11,0,57570.72727272727
2022-05-12,637041,11,0,57912.818181818184
2022-05-13,673122,11,0,61192.90909090909
2022-05-14,499935,11,0,45448.63636363636
2022-05-15,478755,11,1,43523.181818181816
2022-05-16,405267,11,0,36842.454545454544
2022-05-17,651016,11,0,59183.27272727273
2022-05-18,658858,11,0,59896.181818181816
2022-05-19,657689,11,0,59789.90909090909
2022-05-20,679283,11,0,61753.0
2022-05-21,478247,11,0,43477.0
2022-05-22,429182,11,0,39016.545454545456
2022-05-23,642956,11,0,58450.545454545456
2022-05-24,657424,11,0,59765.818181818184
2022-05-25,663317,11,0,60301.545454545456
2022-05-26,679734,11,0,61794.0
2022-05-27,700310,11,0,63664.545454545456
2022-05-28,518546,11,0,47140.545454545456
2022-05-29,443070,11,0,40279.09090909091
2022-05-30,659498,11,0,59954.36363636364
2022-05-31,675581,11,0,61416.454545454544
2022-06-01,705169,11,0,64106.27272727273
2022-06-02,695238,11,0,63203.454545454544
2022-06-03,726784,11,1,66071.27272727272
2022-06-04,531292,11,1,48299.27272727273
2022-06-05,549304,11,1,49936.72727272727
2022-06-06,511356,11,1,46486.90909090909
2022-06-07,713666,11,1,64878.72727272727
2022-06-08,759559,11,1,69050.81818181818
2022-06-09,737789,11,1,67071.72727272728
2022-06-10,735659,11,1,66878.09090909091
2022-06-11,583225,11,1,53020.454545454544
2022-06-12,472680,11,1,42970.90909090909
2022-06-13,673289,11,0,61208.09090909091
2022-06-14,723036,11,0,65730.54545454546
2022-06-15,698464,11,0,63496.72727272727
2022-06-16,741274,11,0,67388.54545454546
2022-06-17,802630,11,0,72966.36363636363
2022-06-18,647121,11,0,58829.181818181816
2022-06-19,620205,11,0,56382.27272727273
2022-06-20,783527,11,0,71229.72727272728
2022-06-21,808775,11,0,73525.0
2022-06-22,815760,11,0,74160.0
2022-06-23,822874,11,0,74806.72727272728
2022-06-24,853310,11,0,77573.63636363637
2022-06-25,736750,11,0,66977.27272727272
2022-06-26,653305,11,0,59391.36363636364
2022-06-27,808646,11,0,73513.27272727272
2022-06-28,820265,11,0,74569.54545454546
2022-06-29,839418,11,0,76310.72727272728
2022-06-30,841371,11,0,76488.27272727272
2022-07-01,891650,11,0,81059.09090909091
2022-07-02,751972,11,0,68361.09090909091
2022-07-03,680400,11,0,61854.545454545456
2022-07-04,819766,11,0,74524.18181818182
2022-07-05,840472,11,0,76406.54545454546
2022-07-06,860847,11,0,78258.81818181818
2022-07-07,856415,11,0,77855.90909090909
2022-07-08,861944,11,0,78358.54545454546
2022-07-09,642361,11,0,58396.454545454544
2022-07-10,627709,11,1,57064.454545454544
2022-07-11,569625,11,0,51784.09090909091
2022-07-12,879389,11,0,79944.45454545454
2022-07-13,829569,11,0,75415.36363636363
2022-07-14,833509,11,0,75773.54545454546
2022-07-15,854498,11,0,77681.63636363637
2022-07-16,538767,11,0,48978.818181818184
2022-07-17,453522,11,0,41229.27272727273
2022-07-18,722835,11,0,65712.27272727272
2022-07-19,741182,11,0,67380.18181818182
2022-07-20,756991,11,0,68817.36363636363
2022-07-21,748079,11,0,68007.18181818182
2022-07-22,751963,11,0,68360.27272727272
2022-07-23,513599,11,0,46690.818181818184
2022-07-24,443463,11,0,40314.818181818184
2022-07-25,730005,11,0,66364.09090909091
2022-07-26,757442,11,0,68858.36363636363
2022-07-27,753264,11,0,68478.54545454546
2022-07-28,749442,11,0,68131.09090909091
2022-07-29,767744,11,0,69794.90909090909
2022-07-30,547890,11,1,49808.181818181816
2022-07-31,488080,11,0,44370.90909090909
2022-08-01,751605,11,0,68327.72727272728
2022-08-02,767471,11,0,69770.09090909091
2022-08-03,774169,11,0,70379.0
2022-08-04,791557,11,0,71959.72727272728
2022-08-05,811079,11,0,73734.45454545454
2022-08-06,598319,11,0,54392.63636363636
2022-08-07,543624,11,0,49420.36363636364
2022-08-08,784684,11,0,71334.90909090909
2022-08-09,804742,11,0,73158.36363636363
2022-08-10,820131,11,0,74557.36363636363
2022-08-11,803945,11,0,73085.90909090909
2022-08-12,808600,11,0,73509.09090909091
2022-08-13,577956,11,0,52541.454545454544
2022-08-14,528083,11,0,48007.545454545456
2022-08-15,759013,11,0,69001.18181818182
2022-08-16,785305,11,0,71391.36363636363
2022-08-17,793036,11,0,72094.18181818182
2022-08-18,800633,11,0,72784.81818181818
2022-08-19,793871,11,0,72170.09090909091
2022-08-20,525957,11,0,47814.27272727273
2022-08-21,471545,11,0,42867.72727272727
2022-08-22,755653,11,0,68695.72727272728
2022-08-23,787602,11,0,71600.18181818182
2022-08-24,802428,11,0,72948.0
2022-08-25,790094,11,0,71826.72727272728
2022-08-26,810047,11,0,73640.63636363637
2022-08-27,553750,11,0,50340.90909090909
2022-08-28,489172,11,0,44470.181818181816
2022-08-29,780307,11,0,70937.0
2022-08-30,856196,11,0,77836.0
2022-08-31,761028,11,1,69184.36363636363
2022-09-01,798558,11,0,72596.18181818182
2022-09-02,814539,11,1,74049.0
2022-09-03,568826,11,1,51711.454545454544
2022-09-04,524008,11,1,47637.09090909091
2022-09-05,805254,11,1,73204.90909090909
2022-09-06,840202,11,1,76382.0
2022-09-07,868182,11,1,78925.63636363637
2022-09-08,856578,11,1,77870.72727272728
2022-09-09,833971,11,1,75815.54545454546
2022-09-10,668768,11,1,60797.09090909091
2022-09-11,501607,11,1,45600.63636363636
2022-09-12,806858,11,0,73350.72727272728
2022-09-13,829769,11,0,75433.54545454546
2022-09-14,836409,11,0,76037.18181818182
2022-09-15,859348,11,0,78122.54545454546
2022-09-16,568652,11,1,51695.63636363636
2022-09-17,533350,11,0,48486.36363636364
2022-09-18,471806,11,0,42891.454545454544
2022-09-19,778140,11,0,70740.0
2022-09-20,815742,11,0,74158.36363636363
2022-09-21,827163,11,0,75196.63636363637
2022-09-22,813604,11,0,73964.0
2022-09-23,827692,11,0,75244.72727272728
2022-09-24,573138,11,0,52103.454545454544
2022-09-25,491177,11,0,44652.454545454544
2022-09-26,766919,11,0,69719.90909090909
2022-09-27,816282,11,0,74207.45454545454
2022-09-28,824940,11,0,74994.54545454546
2022-09-29,819500,11,0,74500.0
2022-09-30,827601,11,0,75236.45454545454
2022-10-01,590936,11,0,53721.454545454544
2022-10-02,527165,11,0,47924.09090909091
2022-10-03,817930,11,0,74357.27272727272
2022-10-04,844298,11,0,76754.36363636363
2022-10-05,857448,11,0,77949.81818181818
2022-10-06,854323,11,0,77665.72727272728
2022-10-07,854918,11,0,77719.81818181818
2022-10-08,605814,11,0,55074.0
2022-10-09,567566,11,1,51596.90909090909
2022-10-10,499918,11,0,45447.09090909091
2022-10-11,838679,11,0,76243.54545454546
2022-10-12,839675,11,0,76334.09090909091
2022-10-13,846175,11,0,76925.0
2022-10-14,849097,11,0,77190.63636363637
2022-10-15,562235,11,0,51112.27272727273
2022-10-16,510313,11,0,46392.09090909091
2022-10-17,818652,11,0,74422.90909090909
2022-10-18,845592,11,0,76872.0
2022-10-19,864859,11,0,78623.54545454546
2022-10-20,867448,11,0,78858.90909090909
2022-10-21,885204,11,0,80473.09090909091
2022-10-22,634979,11,0,57725.36363636364
2022-10-23,621157,11,0,56468.818181818184
2022-10-24,524771,11,1,47706.454545454544
2022-10-25,760367,11,0,69124.27272727272
2022-10-26,772591,11,0,70235.54545454546
2022-10-27,793212,11,0,72110.18181818182
2022-10-28,801795,11,0,72890.45454545454
2022-10-29,560541,11,0,50958.27272727273
2022-10-30,481098,11,0,43736.181818181816
2022-10-31,783892,11,0,71262.90909090909
2022-11-01,828743,11,0,75340.27272727272
2022-11-02,828388,11,0,75308.0
2022-11-03,834098,11,0,75827.09090909091
2022-11-04,843407,11,0,76673.36363636363
2022-11-05,573231,11,0,52111.90909090909
2022-11-06,511113,11,0,46464.818181818184
2022-11-07,794769,11,0,72251.72727272728
2022-11-08,767909,11,0,69809.90909090909
2022-11-09,671906,11,0,61082.36363636364
2022-11-10,642946,11,0,58449.63636363636
2022-11-11,658670,11,0,59879.09090909091
2022-11-12,469400,11,0,42672.72727272727
2022-11-13,422782,11,0,38434.72727272727
2022-11-14,731619,11,0,66510.81818181818
2022-11-15,803527,11,0,73047.90909090909
2022-11-16,862729,11,0,78429.90909090909
2022-11-17,839062,11,0,76278.36363636363
2022-11-18,494897,11,1,44990.63636363636
2022-11-19,434733,11,1,39521.181818181816
2022-11-20,460634,11,0,41875.818181818184
2022-11-21,735344,11,0,66849.45454545454
2022-11-22,815789,11,0,74162.63636363637
2022-11-23,834824,11,0,75893.09090909091
2022-11-24,835866,11,0,75987.81818181818
2022-11-25,839437,11,0,76312.45454545454
2022-11-26,624037,11,0,56730.63636363636
2022-11-27,527519,11,0,47956.27272727273
2022-11-28,483000,11,1,43909.09090909091
2022-11-29,753437,11,0,68494.27272727272
2022-11-30,844596,11,0,76781.45454545454
2022-12-01,854484,11,0,77680.36363636363
2022-12-02,867377,11,0,78852.45454545454
2022-12-03,642541,11,0,58412.818181818184
2022-12-04,548499,11,0,49863.545454545456
2022-12-05,820673,11,0,74606.63636363637
2022-12-06,847795,11,0,77072.27272727272
2022-12-07,863929,11,0,78539.0
2022-12-08,859499,11,0,78136.27272727272
2022-12-09,871235,11,1,79203.18181818182
2022-12-10,610277,11,1,55479.72727272727
2022-12-11,580710,11,1,52791.818181818184
2022-12-12,759713,11,1,69064.81818181818
2022-12-13,846144,11,1,76922.18181818182
2022-12-14,852375,11,1,77488.63636363637
2022-12-15,850587,11,1,77326.09090909091
2022-12-16,851421,11,1,77401.90909090909
2022-12-17,690120,11,1,62738.181818181816
2022-12-18,639069,11,1,58097.181818181816
2022-12-19,802435,11,1,72948.63636363637
2022-12-20,830584,11,1,75507.63636363637
2022-12-21,835788,11,1,75980.72727272728
2022-12-22,815604,11,1,74145.81818181818
2022-12-23,833264,11,1,75751.27272727272
2022-12-24,689708,11,1,62700.72727272727
2022-12-25,684639,11,1,62239.90909090909
2022-12-26,550843,11,1,50076.63636363636
2022-12-27,763265,11,1,69387.72727272728
2022-12-28,780389,11,1,70944.45454545454
2022-12-29,774271,11,1,70388.27272727272
2022-12-30,780845,11,1,70985.90909090909
2022-12-31,721076,11,1,65552.36363636363
2023-01-01,626393,11,1,56944.818181818184
2023-01-02,487546,11,0,44322.36363636364
2023-01-03,878989,11,0,79908.09090909091
2023-01-04,849870,11,0,77260.90909090909
2023-01-05,841678,11,0,76516.18181818182
2023-01-06,850529,11,0,77320.81818181818
2023-01-07,626763,11,0,56978.454545454544
2023-01-08,510886,11,0,46444.181818181816
2023-01-09,848693,11,0,77153.90909090909
2023-01-10,879672,11,0,79970.18181818182
2023-01-11,902507,11,0,82046.09090909091
2023-01-12,895280,11,0,81389.09090909091
2023-01-13,895628,11,0,81420.72727272728
2023-01-14,604564,11,0,54960.36363636364
2023-01-15,560712,11,0,50973.818181818184
2023-01-16,852977,11,0,77543.36363636363
2023-01-17,898074,11,0,81643.09090909091
2023-01-18,911971,11,0,82906.45454545454
2023-01-19,909453,11,0,82677.54545454546
2023-01-20,807821,11,0,73438.27272727272
2023-01-21,528309,11,0,48028.09090909091
2023-01-22,586085,11,1,53280.454545454544
2023-01-23,563332,11,1,51212.0
2023-01-24,481934,11,0,43812.181818181816
2023-01-25,702620,11,0,63874.545454545456
2023-01-26,724563,11,0,65869.36363636363
2023-01-27,755777,11,0,68707.0
2023-01-28,575155,11,0,52286.818181818184
2023-01-29,504475,11,0,45861.36363636364
2023-01-30,811320,11,0,73756.36363636363
2023-01-31,857505,11,0,77955.0
2023-02-01,594363,11,0,54033.0
2023-02-02,874190,11,0,79471.81818181818
2023-02-03,888943,11,0,80813.0
2023-02-04,599269,11,0,54479.0
2023-02-05,579003,11,1,52636.63636363636
2023-02-06,469537,11,0,42685.181818181816
2023-02-07,874311,11,0,79482.81818181818
2023-02-08,888160,11,0,80741.81818181818
2023-02-09,880869,11,0,80079.0
2023-02-10,886257,11,0,80568.81818181818
2023-02-11,633442,11,0,57585.63636363636
2023-02-12,552917,11,0,50265.181818181816
2023-02-13,871675,11,0,79243.18181818182
2023-02-14,920700,11,0,83700.0
2023-02-15,907404,11,0,82491.27272727272
2023-02-16,899539,11,0,81776.27272727272
2023-02-17,894771,11,1,81342.81818181818
2023-02-18,596459,11,1,54223.545454545456
2023-02-19,544563,11,1,49505.72727272727
2023-02-20,852721,11,1,77520.09090909091
2023-02-21,880255,11,1,80023.18181818182
2023-02-22,893508,11,1,81228.0
2023-02-23,881149,11,1,80104.45454545454
2023-02-24,883416,11,1,80310.54545454546
2023-02-25,628021,11,1,57092.818181818184
2023-02-26,563949,11,1,51268.09090909091
2023-02-27,837022,11,1,76092.90909090909
2023-02-28,878938,11,1,79903.45454545454
2023-03-01,921848,11,1,83804.36363636363
2023-03-02,918379,11,1,83489.0
2023-03-03,912554,11,1,82959.45454545454
2023-03-04,748856,11,1,68077.81818181818
2023-03-05,630819,11,1,57347.181818181816
2023-03-06,904593,11,1,82235.72727272728
2023-03-07,939093,11,1,85372.09090909091
2023-03-08,966573,11,1,87870.27272727272
2023-03-09,945582,11,1,85962.0
2023-03-10,944195,11,1,85835.90909090909
2023-03-11,673288,11,1,61208.0
2023-03-12,634160,11,1,57650.90909090909
2023-03-13,910730,11,0,82793.63636363637
2023-03-14,961936,11,0,87448.72727272728
2023-03-15,989941,11,0,89994.63636363637
2023-03-16,1015697,11,0,92336.09090909091
2023-03-17,1054416,11,0,95856.0
2023-03-18,833788,11,0,75798.90909090909
2023-03-19,767206,11,0,69746.0
2023-03-20,1001402,11,0,91036.54545454546
2023-03-21,1054744,11,0,95885.81818181818
2023-03-22,1079046,11,0,98095.09090909091
2023-03-23,961794,11,0,87435.81818181818
2023-03-24,975882,11,0,88716.54545454546
2023-03-25,636781,11,0,57889.181818181816
2023-03-26,620839,11,0,56439.90909090909
2023-03-27,944259,11,0,85841.72727272728
2023-03-28,984035,11,0,89457.72727272728
2023-03-29,994897,11,0,90445.18181818182
2023-03-30,997075,11,0,90643.18181818182
2023-03-31,1021747,11,0,92886.09090909091
2023-04-01,616548,11,0,56049.818181818184
2023-04-02,555377,11,0,50488.818181818184
2023-04-03,932584,11,0,84780.36363636363
2023-04-04,969924,11,0,88174.90909090909
2023-04-05,974515,11,0,88592.27272727272
2023-04-06,989463,11,0,89951.18181818182
2023-04-07,982500,11,0,89318.18181818182
2023-04-08,671023,11,0,61002.09090909091
2023-04-09,635718,11,0,57792.545454545456
2023-04-10,962519,11,0,87501.72727272728
2023-04-11,993365,11,0,90305.90909090909
2023-04-12,1000157,11,0,90923.36363636363
2023-04-13,991015,11,0,90092.27272727272
2023-04-14,998054,11,0,90732.18181818182
2023-04-15,690497,11,0,62772.454545454544
2023-04-16,620371,11,0,56397.36363636364
2023-04-17,958748,11,0,87158.90909090909
2023-04-18,1002658,11,0,91150.72727272728
2023-04-19,958771,11,0,87161.0
2023-04-20,830223,11,0,75474.81818181818
2023-04-21,694096,11,1,63099.63636363636
2023-04-22,641863,11,1,58351.181818181816
2023-04-23,700040,11,1,63640.0
2023-04-24,553558,11,1,50323.454545454544
2023-04-25,733214,11,1,66655.81818181818
2023-04-26,792273,11,1,72024.81818181818
2023-04-27,824694,11,1,74972.18181818182
2023-04-28,833703,11,1,75791.18181818182
2023-04-29,624222,11,1,56747.454545454544
2023-04-30,617186,11,1,56107.818181818184
2023-05-01,597218,11,1,54292.545454545456
2023-05-02,956010,11,0,86910.0
2023-05-03,973725,11,0,88520.45454545454
2023-05-04,593541,11,1,53958.27272727273
2023-05-05,907123,11,0,82465.72727272728
2023-05-06,644434,11,0,58584.90909090909
2023-05-07,594872,11,0,54079.27272727273
2023-05-08,951572,11,0,86506.54545454546
2023-05-09,985792,11,0,89617.45454545454
2023-05-10,998967,11,0,90815.18181818182
2023-05-11,991644,11,0,90149.45454545454
2023-05-12,1006380,11,0,91489.09090909091
2023-05-13,686137,11,0,62376.09090909091
2023-05-14,616356,11,0,56032.36363636364
2023-05-15,966017,11,0,87819.72727272728
2023-05-16,996225,11,0,90565.90909090909
2023-05-17,1009742,11,0,91794.72727272728
2023-05-18,987532,11,0,89775.63636363637
2023-05-19,982049,11,0,89277.18181818182
2023-05-20,706463,11,0,64223.90909090909
2023-05-21,615808,11,0,55982.545454545456
2023-05-22,949730,11,0,86339.09090909091
2023-05-23,977576,11,0,88870.54545454546
2023-05-24,987328,11,0,89757.09090909091
2023-05-25,987817,11,0,89801.54545454546
2023-05-26,1013310,11,1,92119.09090909091
2023-05-27,778629,11,1,70784.45454545454
2023-05-28,694956,11,1,63177.818181818184
2023-05-29,1000758,11,1,90978.0
2023-05-30,1037539,11,1,94321.72727272728
2023-05-31,1062437,11,1,96585.18181818182
2023-06-01,1066494,11,1,96954.0
2023-06-02,1036793,11,1,94253.90909090909
2023-06-03,805948,11,1,73268.0
2023-06-04,764066,11,1,69460.54545454546
2023-06-05,612284,11,1,55662.181818181816
2023-06-06,1004787,11,0,91344.27272727272
2023-06-07,1024177,11,0,93107.0
2023-06-08,1037516,11,0,94319.63636363637
2023-06-09,1015105,11,0,92282.27272727272
2023-06-10,721817,11,0,65619.72727272728
2023-06-11,652468,11,0,59315.27272727273
2023-06-12,974472,11,0,88588.36363636363
2023-06-13,1009998,11,0,91818.0
2023-06-14,1019490,11,0,92680.90909090909
2023-06-15,1020952,11,0,92813.81818181818
2023-06-16,1010429,11,0,91857.18181818182
2023-06-17,695391,11,0,63217.36363636364
2023-06-18,626231,11,0,56930.09090909091
2023-06-19,969621,11,0,88147.36363636363
2023-06-20,1007827,11,0,91620.63636363637
2023-06-21,1013529,11,0,92139.0
2023-06-22,1004625,11,0,91329.54545454546
2023-06-23,999902,11,0,90900.18181818182
2023-06-24,691806,11,0,62891.454545454544
2023-06-25,609070,11,0,55370.0
2023-06-26,952527,11,0,86593.36363636363
2023-06-27,1050868,11,0,95533.45454545454
2023-06-28,998521,11,0,90774.63636363637
2023-06-29,649905,11,1,59082.27272727273
2023-06-30,838300,11,0,76209.09090909091
2023-07-01,652366,11,0,59306.0
2023-07-02,596039,11,0,54185.36363636364
2023-07-03,980461,11,0,89132.81818181818
2023-07-04,1030339,11,0,93667.18181818182
2023-07-05,1051752,11,0,95613.81818181818
2023-07-06,1044334,11,0,94939.45454545454
2023-07-07,1035585,11,0,94144.09090909091
2023-07-08,740502,11,0,67318.36363636363
2023-07-09,656684,11,0,59698.545454545456
2023-07-10,1020146,11,0,92740.54545454546
2023-07-11,1052462,11,0,95678.36363636363
2023-07-12,1066871,11,0,96988.27272727272
2023-07-13,1056816,11,0,96074.18181818182
2023-07-14,1047647,11,0,95240.63636363637
2023-07-15,752688,11,0,68426.18181818182
2023-07-16,635384,11,0,57762.181818181816
2023-07-17,1010685,11,0,91880.45454545454
2023-07-18,1057543,11,0,96140.27272727272
2023-07-19,615333,11,1,55939.36363636364
2023-07-20,1034205,11,0,94018.63636363637
2023-07-21,1019548,11,0,92686.18181818182
2023-07-22,673765,11,0,61251.36363636364
2023-07-23,590939,11,0,53721.72727272727
2023-07-24,998450,11,0,90768.18181818182
2023-07-25,1044158,11,0,94923.45454545454
2023-07-26,1061133,11,0,96466.63636363637
2023-07-27,1050186,11,0,95471.45454545454
2023-07-28,1062381,11,0,96580.09090909091
2023-07-29,768739,11,0,69885.36363636363
2023-07-30,637795,11,0,57981.36363636364
2023-07-31,1011351,11,0,91941.0
2023-08-01,1059949,11,0,96359.0
2023-08-02,1076477,11,0,97861.54545454546
2023-08-03,1056405,11,0,96036.81818181818
2023-08-04,1050118,11,0,95465.27272727272
2023-08-05,748179,11,0,68016.27272727272
2023-08-06,671219,11,0,61019.90909090909
2023-08-07,1031481,11,0,93771.0
2023-08-08,1068106,11,0,97100.54545454546
2023-08-09,1085032,11,0,98639.27272727272
2023-08-10,1082858,11,0,98441.63636363637
2023-08-11,1044056,11,0,94914.18181818182
2023-08-12,656259,11,0,59659.90909090909
2023-08-13,657897,11,0,59808.818181818184
2023-08-14,924742,11,0,84067.45454545454
2023-08-15,1074899,11,0,97718.09090909091
2023-08-16,1078518,11,0,98047.09090909091
2023-08-17,1064994,11,0,96817.63636363637
2023-08-18,1054196,11,0,95836.0
2023-08-19,722966,11,0,65724.18181818182
2023-08-20,639474,11,0,58134.0
2023-08-21,1015457,11,0,92314.27272727272
2023-08-22,1055882,11,0,95989.27272727272
2023-08-23,1078017,11,0,98001.54545454546
2023-08-24,1059998,11,0,96363.45454545454
2023-08-25,1077640,11,1,97967.27272727272
2023-08-26,750291,11,1,68208.27272727272
2023-08-27,663037,11,1,60276.09090909091
2023-08-28,983441,11,1,89403.72727272728
2023-08-29,1073558,11,1,97596.18181818182
2023-08-30,1176751,11,1,106977.36363636363
2023-08-31,904604,11,1,82236.72727272728
2023-09-01,963602,11,1,87600.18181818182
2023-09-02,724681,11,1,65880.09090909091
2023-09-03,639923,11,1,58174.818181818184
2023-09-04,1014383,11,0,92216.63636363637
2023-09-05,1076588,11,0,97871.63636363637
2023-09-06,1092348,11,0,99304.36363636363
2023-09-07,1090273,11,0,99115.72727272728
2023-09-08,1075198,11,0,97745.27272727272
2023-09-09,778550,11,0,70777.27272727272
2023-09-10,714128,11,0,64920.72727272727
2023-09-11,1048064,11,0,95278.54545454546
2023-09-12,1094691,11,0,99517.36363636363
2023-09-13,1107007,11,0,100637.0
2023-09-14,1093127,11,0,99375.18181818182
2023-09-15,1094866,11,0,99533.27272727272
2023-09-16,819788,12,1,68315.66666666667
2023-09-17,660673,12,0,55056.083333333336
2023-09-18,1050379,12,0,87531.58333333333
2023-09-19,1102907,12,0,91908.91666666667
2023-09-20,1109097,12,0,92424.75
2023-09-21,1093946,12,0,91162.16666666667
2023-09-22,1081647,12,0,90137.25
2023-09-23,727033,12,0,60586.083333333336
2023-09-24,641382,12,0,53448.5
2023-09-25,1053074,12,0,87756.16666666667
2023-09-26,1100126,12,0,91677.16666666667
2023-09-27,1146982,12,0,95581.83333333333
2023-09-28,691399,12,1,57616.583333333336
2023-09-29,1029364,12,0,85780.33333333333
2023-09-30,778170,12,0,64847.5
2023-10-01,699160,12,0,58263.333333333336
2023-10-02,1071195,12,0,89266.25
2023-10-03,1129601,12,0,94133.41666666667
2023-10-04,1141105,12,0,95092.08333333333
2023-10-05,1141855,12,0,95154.58333333333
2023-10-06,1150454,12,0,95871.16666666667
2023-10-07,809552,12,0,67462.66666666667
2023-10-08,744161,12,0,62013.416666666664
2023-10-09,1110090,12,0,92507.5
2023-10-10,1140050,12,0,95004.16666666667
2023-10-11,1151387,12,0,95948.91666666667
2023-10-12,1145226,12,0,95435.5
2023-10-13,1213671,12,0,101139.25
2023-10-14,792168,12,0,66014.0
2023-10-15,707760,12,0,58980.0
2023-10-16,1113346,12,0,92778.83333333333
2023-10-17,1174722,12,0,97893.5
2023-10-18,1168557,12,0,97379.75
2023-10-19,1162324,12,0,96860.33333333333
2023-10-20,1168207,12,0,97350.58333333333
2023-10-21,781170,12,0,65097.5
2023-10-22,719681,12,0,59973.416666666664
2023-10-23,1111900,12,0,92658.33333333333
2023-10-24,1160466,12,0,96705.5
2023-10-25,1167693,12,0,97307.75
2023-10-26,1164619,12,0,97051.58333333333
2023-10-27,1166068,12,0,97172.33333333333
2023-10-28,831122,12,0,69260.16666666667
2023-10-29,704081,12,0,58673.416666666664
2023-10-30,1101574,12,0,91797.83333333333
2023-10-31,1145063,12,0,95421.91666666667
2023-11-01,1171142,12,0,97595.16666666667
2023-11-02,1164562,12,0,97046.83333333333
2023-11-03,1170150,12,0,97512.5
2023-11-04,818834,12,0,68236.16666666667
2023-11-05,734367,12,0,61197.25
2023-11-06,1123548,12,0,93629.0
2023-11-07,1176019,12,0,98001.58333333333
2023-11-08,1204539,12,0,100378.25
2023-11-09,1211181,12,0,100931.75
2023-11-10,1218667,12,0,101555.58333333333
2023-11-11,889524,12,0,74127.0
2023-11-12,918163,12,1,76513.58333333333
2023-11-13,744161,12,0,62013.416666666664
2023-11-14,1074282,12,0,89523.5
2023-11-15,1137724,12,0,94810.33333333333
2023-11-16,1150747,12,0,95895.58333333333
2023-11-17,1125108,12,0,93759.0
2023-11-18,790524,12,0,65877.0
2023-11-19,701200,12,0,58433.333333333336
2023-11-20,1127727,12,0,93977.25
2023-11-21,1176516,12,0,98043.0
2023-11-22,1293834,12,0,107819.5
2023-11-23,1195195,12,0,99599.58333333333
2023-11-24,1211273,12,0,100939.41666666667
2023-11-25,833829,12,0,69485.75
2023-11-26,745901,12,0,62158.416666666664
2023-11-27,1135640,12,0,94636.66666666667
2023-11-28,1179215,12,0,98267.91666666667
2023-11-29,1209104,12,0,100758.66666666667
2023-11-30,1190554,12,0,99212.83333333333
2023-12-01,1215901,12,0,101325.08333333333
2023-12-02,906550,12,0,75545.83333333333
2023-12-03,822742,12,0,68561.83333333333
2023-12-04,1143015,12,0,95251.25
2023-12-05,1172418,12,0,97701.5
2023-12-06,1197616,12,0,99801.33333333333
2023-12-07,1198713,12,0,99892.75
2023-12-08,1322400,12,0,110200.0
2023-12-09,921973,12,0,76831.08333333333
2023-12-10,883857,12,0,73654.75
2023-12-11,1087409,12,0,90617.41666666667
2023-12-12,1168643,12,0,97386.91666666667
2023-12-13,1168765,12,0,97397.08333333333
2023-12-14,1152341,12,0,96028.41666666667
2023-12-15,1169043,12,1,97420.25
2023-12-16,856589,12,1,71382.41666666667
2023-12-17,818553,12,1,68212.75
2023-12-18,1118995,12,1,93249.58333333333
2023-12-19,1142837,12,1,95236.41666666667
2023-12-20,1159487,12,1,96623.91666666667
2023-12-21,1134571,12,1,94547.58333333333
2023-12-22,1118145,12,1,93178.75
2023-12-23,924698,12,1,77058.16666666667
2023-12-24,968675,12,1,80722.91666666667
2023-12-25,845671,12,1,70472.58333333333
2023-12-26,1005940,12,1,83828.33333333333
2023-12-27,1046799,12,1,87233.25
2023-12-28,1039918,12,1,86659.83333333333
2023-12-29,1034234,12,1,86186.16666666667
2023-12-30,826495,12,1,68874.58333333333
2023-12-31,1078119,12,1,89843.25
2024-01-01,781498,12,1,65124.833333333336
2024-01-02,1122204,12,0,93517.0
2024-01-03,1143956,12,0,95329.66666666667
2024-01-04,1132098,12,0,94341.5
2024-01-05,1135152,12,0,94596.0
2024-01-06,766317,12,0,63859.75
2024-01-07,672251,12,0,56020.916666666664
2024-01-08,1138841,12,0,94903.41666666667
2024-01-09,1182531,12,0,98544.25
2024-01-10,1186733,12,0,98894.41666666667
2024-01-11,1182915,12,0,98576.25
2024-01-12,1201088,12,0,100090.66666666667
2024-01-13,842384,12,0,70198.66666666667
2024-01-14,742263,12,0,61855.25
2024-01-15,1142744,12,0,95228.66666666667
2024-01-16,1186941,12,0,98911.75
2024-01-17,1201447,12,0,100120.58333333333
2024-01-18,1190563,12,0,99213.58333333333
2024-01-19,1201116,12,0,100093.0
2024-01-20,826123,12,0,68843.58333333333
2024-01-21,737239,12,0,61436.583333333336
2024-01-22,1166939,12,0,97244.91666666667
2024-01-23,1224781,12,0,102065.08333333333
2024-01-24,1310316,12,0,109193.0
2024-01-25,831545,12,1,69295.41666666667
2024-01-26,1136469,12,0,94705.75
2024-01-27,813930,12,0,67827.5
2024-01-28,725280,12,0,60440.0
2024-01-29,1174516,12,0,97876.33333333333
2024-01-30,1207918,12,0,100659.83333333333
2024-01-31,1243151,12,0,103595.91666666667
2024-02-01,835404,12,1,69617.0
2024-02-02,1179876,12,0,98323.0
2024-02-03,883661,12,0,73638.41666666667
2024-02-04,774459,12,0,64538.25
2024-02-05,1201051,12,0,100087.58333333333
2024-02-06,1247118,12,0,103926.5
2024-02-07,1281499,12,0,106791.58333333333
2024-02-08,1186316,12,0,98859.66666666667
2024-02-09,1013495,12,1,84457.91666666667
2024-02-10,943751,12,1,78645.91666666667
2024-02-11,943767,12,1,78647.25
2024-02-12,801535,12,1,66794.58333333333
2024-02-13,1037424,12,1,86452.0
2024-02-14,1100044,12,1,91670.33333333333
2024-02-15,1105480,12,1,92123.33333333333
2024-02-16,1089910,12,1,90825.83333333333
2024-02-17,773517,12,1,64459.75
2024-02-18,718517,12,1,59876.416666666664
2024-02-19,1172233,12,1,97686.08333333333
2024-02-20,1214761,12,1,101230.08333333333
2024-02-21,1237026,12,1,103085.5
2024-02-22,1226227,12,1,102185.58333333333
2024-02-23,1219986,12,1,101665.5
2024-02-24,922117,12,1,76843.08333333333
2024-02-25,809784,12,1,67482.0
2024-02-26,1196823,12,1,99735.25
2024-02-27,1237887,12,1,103157.25
2024-02-28,1261353,12,1,105112.75
2024-02-29,1259911,12,1,104992.58333333333
2024-03-01,1259771,12,1,104980.91666666667
2024-03-02,939333,12,1,78277.75
2024-03-03,877445,12,1,73120.41666666667
2024-03-04,1234452,12,1,102871.0
2024-03-05,1284978,12,1,107081.5
2024-03-06,1310993,12,1,109249.41666666667
2024-03-07,1297272,12,1,108106.0
2024-03-08,1296072,12,1,108006.0
2024-03-09,943384,12,1,78615.33333333333
2024-03-10,876197,12,1,73016.41666666667
2024-03-11,1271190,12,0,105932.5
2024-03-12,1201385,12,0,100115.41666666667
2024-03-13,1229434,12,0,102452.83333333333
2024-03-14,1229474,12,0,102456.16666666667
2024-03-15,1210601,12,0,100883.41666666667
2024-03-16,752583,12,0,62715.25
2024-03-17,685722,12,0,57143.5
2024-03-18,1201166,12,0,100097.16666666667
2024-03-19,1220720,12,0,101726.66666666667
2024-03-20,1232810,12,0,102734.16666666667
2024-03-21,1222896,12,0,101908.0
2024-03-22,1242631,12,0,103552.58333333333
2024-03-23,794620,12,0,66218.33333333333
2024-03-24,710706,12,0,59225.5
2024-03-25,1196871,12,0,99739.25
2024-03-26,1238649,12,0,103220.75
2024-03-27,1269853,12,0,105821.08333333333
2024-03-28,762614,12,0,63551.166666666664
2024-03-29,1156669,12,0,96389.08333333333
2024-03-30,802919,12,0,66909.91666666667
2024-03-31,717894,12,0,59824.5
2024-04-01,1199962,12,0,99996.83333333333
2024-04-02,1233094,12,0,102757.83333333333
2024-04-03,1259527,12,0,104960.58333333333
2024-04-04,1239449,12,0,103287.41666666667
2024-04-05,1263654,12,0,105304.5
2024-04-06,832922,12,0,69410.16666666667
2024-04-07,761318,12,0,63443.166666666664
2024-04-08,1015461,12,0,84621.75
2024-04-09,978445,12,0,81537.08333333333
2024-04-10,906374,12,1,75531.16666666667
2024-04-11,887898,12,1,73991.5
2024-04-12,905762,12,0,75480.16666666667
2024-04-13,733212,12,0,61101.0
2024-04-14,707225,12,0,58935.416666666664
2024-04-15,1113139,12,0,92761.58333333333
2024-04-16,1177611,12,0,98134.25
2024-04-17,1209665,12,0,100805.41666666667
2024-04-18,1207946,12,0,100662.16666666667
2024-04-19,1223825,12,0,101985.41666666667
2024-04-20,841079,12,0,70089.91666666667
2024-04-21,758808,12,0,63234.0
2024-04-22,1206407,12,0,100533.91666666667
2024-04-23,1244656,12,0,103721.33333333333
2024-04-24,1251556,12,0,104296.33333333333
2024-04-25,1245544,12,0,103795.33333333333
2024-04-26,1262763,12,0,105230.25
2024-04-27,898671,12,0,74889.25
2024-04-28,791116,12,0,65926.33333333333
2024-04-29,1222069,12,0,101839.08333333333
2024-04-30,1287830,12,0,107319.16666666667
2024-05-01,835179,12,1,69598.25
2024-05-02,1272269,12,0,106022.41666666667
2024-05-03,1277380,12,0,106448.33333333333
2024-05-04,911452,12,0,75954.33333333333
2024-05-05,829972,12,0,69164.33333333333
2024-05-06,1244194,12,0,103682.83333333333
2024-05-07,1264734,12,0,105394.5
2024-05-08,1288788,12,0,107399.0
2024-05-09,1280827,12,0,106735.58333333333
2024-05-10,1298232,12,0,108186.0
2024-05-11,875021,12,0,72918.41666666667
2024-05-12,839507,12,0,69958.91666666667
2024-05-13,1245084,12,0,103757.0
2024-05-14,1278942,12,0,106578.5
2024-05-15,1284442,12,0,107036.83333333333
2024-05-16,1280140,12,0,106678.33333333333
2024-05-17,1285164,12,0,107097.0
2024-05-18,885904,12,0,73825.33333333333
2024-05-19,803073,12,0,66922.75
2024-05-20,1229102,12,0,102425.16666666667
2024-05-21,1280513,12,0,106709.41666666667
2024-05-22,790224,12,1,65852.0
2024-05-23,1233655,12,0,102804.58333333333
2024-05-24,1288547,12,1,107378.91666666667
2024-05-25,955143,12,1,79595.25
2024-05-26,877566,12,1,73130.5
2024-05-27,1267910,12,1,105659.16666666667
2024-05-28,1313412,12,1,109451.0
2024-05-29,1351074,12,1,112589.5
2024-05-30,1333911,12,1,111159.25
2024-05-31,1299732,12,1,108311.0
2024-06-01,1017523,12,1,84793.58333333333
2024-06-02,952813,12,1,79401.08333333333
2024-06-03,784222,12,1,65351.833333333336
2024-06-04,1263289,12,0,105274.08333333333
2024-06-05,1258686,12,0,104890.5
2024-06-06,1240745,12,0,103395.41666666667
2024-06-07,1254757,12,0,104563.08333333333
2024-06-08,910124,12,0,75843.66666666667
2024-06-09,846366,12,0,70530.5
2024-06-10,1254913,12,0,104576.08333333333
2024-06-11,1298307,12,0,108192.25
2024-06-12,1298646,12,0,108220.5
2024-06-13,1297841,12,0,108153.41666666667
2024-06-14,1296195,12,0,108016.25
2024-06-15,892757,12,0,74396.41666666667
2024-06-16,840385,12,0,70032.08333333333
2024-06-17,798117,12,1,66509.75
2024-06-18,1200142,12,0,100011.83333333333
2024-06-19,1257194,12,0,104766.16666666667
2024-06-20,1245108,12,0,103759.0
2024-06-21,1237274,12,0,103106.16666666667
2024-06-22,886953,12,0,73912.75
2024-06-23,795952,12,0,66329.33333333333
2024-06-24,1222911,12,0,101909.25
2024-06-25,1259975,12,0,104997.91666666667
2024-06-26,1273879,12,0,106156.58333333333
2024-06-27,1263233,12,0,105269.41666666667
2024-06-28,1271132,12,0,105927.66666666667
2024-06-29,928493,12,0,77374.41666666667
2024-06-30,818469,12,0,68205.75
2024-07-01,1270229,12,0,105852.41666666667
2024-07-02,1304068,12,0,108672.33333333333
2024-07-03,1326594,12,0,110549.5
2024-07-04,1320439,12,0,110036.58333333333
2024-07-05,1347173,12,0,112264.41666666667
2024-07-06,966316,12,0,80526.33333333333
2024-07-07,929413,12,1,77451.08333333333
2024-07-08,792105,12,0,66008.75
2024-07-09,1308750,12,0,109062.5
2024-07-10,1331851,12,0,110987.58333333333
2024-07-11,1329944,12,0,110828.66666666667
2024-07-12,1309417,12,0,109118.08333333333
2024-07-13,936338,12,0,78028.16666666667
2024-07-14,821808,12,0,68484.0
2024-07-15,1275120,12,0,106260.0
2024-07-16,1313698,12,0,109474.83333333333
2024-07-17,1332695,12,0,111057.91666666667
2024-07-18,1310815,12,0,109234.58333333333
2024-07-19,1310717,12,0,109226.41666666667
2024-07-20,952258,12,1,79354.83333333333
2024-07-21,810809,12,0,67567.41666666667
2024-07-22,1275879,12,0,106323.25
2024-07-23,1312634,12,0,109386.16666666667
2024-07-24,1317557,12,0,109796.41666666667
2024-07-25,1316247,12,0,109687.25
2024-07-26,1320296,12,0,110024.66666666667
2024-07-27,954306,12,0,79525.5
2024-07-28,822630,12,0,68552.5
2024-07-29,1262153,12,0,105179.41666666667
2024-07-30,1312479,12,0,109373.25
2024-07-31,1334093,12,0,111174.41666666667
2024-08-01,1328117,13,0,102162.84615384616
2024-08-02,1326853,13,0,102065.61538461539
2024-08-03,938496,13,0,72192.0
2024-08-04,822059,13,0,63235.307692307695
2024-08-05,1282200,13,0,98630.76923076923
2024-08-06,1334028,13,0,102617.53846153847
2024-08-07,1354834,13,0,104218.0
2024-08-08,1355787,13,0,104291.30769230769
2024-08-09,1341802,13,0,103215.53846153847
2024-08-10,965260,13,0,74250.76923076923
2024-08-11,822454,13,0,63265.692307692305
2024-08-12,1313142,13,0,101010.92307692308
2024-08-13,1341258,13,0,103173.69230769231
2024-08-14,1345528,13,0,103502.15384615384
2024-08-15,1331186,13,0,102398.92307692308
2024-08-16,1326736,13,0,102056.61538461539
2024-08-17,921888,13,0,70914.46153846153
2024-08-18,841496,13,0,64730.46153846154
2024-08-19,1283233,13,0,98710.23076923077
2024-08-20,1307609,13,0,100585.30769230769
2024-08-21,1328214,13,0,102170.30769230769
2024-08-22,1313971,13,0,101074.69230769231
2024-08-23,1322357,13,0,101719.76923076923
2024-08-24,996748,13,0,76672.92307692308
2024-08-25,819472,13,0,63036.307692307695
2024-08-26,1260373,13,0,96951.76923076923
2024-08-27,1300808,13,0,100062.15384615384
2024-08-28,1316137,13,0,101241.30769230769
2024-08-29,1304212,13,0,100324.0
2024-08-30,1350324,13,0,103871.07692307692
2024-08-31,1116095,13,1,85853.46153846153
2024-09-01,800423,13,0,61571.0
2024-09-02,1211800,13,0,93215.38461538461
2024-09-03,1273086,13,0,97929.69230769231
2024-09-04,1332366,13,0,102489.69230769231
2024-09-05,1311931,13,0,100917.76923076923
2024-09-06,1307291,13,0,100560.84615384616
2024-09-07,952852,13,0,73296.30769230769
2024-09-08,864635,13,0,66510.38461538461
2024-09-09,1293219,13,0,99478.38461538461
2024-09-10,1321302,13,0,101638.61538461539
2024-09-11,1352606,13,0,104046.61538461539
2024-09-12,1325894,13,0,101991.84615384616
2024-09-13,1326373,13,1,102028.69230769231
2024-09-14,999430,13,1,76879.23076923077
2024-09-15,978058,13,1,75235.23076923077
2024-09-16,922142,13,1,70934.0
2024-09-17,949009,13,1,73000.69230769231
2024-09-18,1338369,13,1,102951.46153846153
2024-09-19,1355607,13,1,104277.46153846153
2024-09-20,1350452,13,1,103880.92307692308
2024-09-21,905765,13,1,69674.23076923077
2024-09-22,813900,13,1,62607.692307692305
2024-09-23,1256089,13,0,96622.23076923077
2024-09-24,1303483,13,0,100267.92307692308
2024-09-25,1312839,13,0,100987.61538461539
2024-09-26,1320460,13,0,101573.84615384616
2024-09-27,1318980,13,0,101460.0
2024-09-28,911066,13,0,70082.0
2024-09-29,810320,13,0,62332.307692307695
2024-09-30,1267219,13,0,97478.38461538461
2024-10-01,1341628,13,0,103202.15384615384
2024-10-02,1350997,13,0,103922.84615384616
2024-10-03,1364476,13,0,104959.69230769231
2024-10-04,1387992,13,0,106768.61538461539
2024-10-05,992669,13,0,76359.15384615384
2024-10-06,922105,13,0,70931.15384615384
2024-10-07,1316940,13,0,101303.07692307692
2024-10-08,1354280,13,0,104175.38461538461
2024-10-09,1358699,13,0,104515.30769230769
2024-10-10,1354128,13,0,104163.69230769231
2024-10-11,1375511,13,0,105808.53846153847
2024-10-12,961849,13,0,73988.38461538461
2024-10-13,881060,13,0,67773.84615384616
2024-10-14,1309936,13,0,100764.30769230769
2024-10-15,1340097,13,0,103084.38461538461
2024-10-16,1381771,13,0,106290.07692307692
2024-10-17,1367105,13,0,105161.92307692308
2024-10-18,1370553,13,0,105427.15384615384
2024-10-19,929095,13,0,71468.84615384616
2024-10-20,848602,13,0,65277.07692307692
2024-10-21,1304733,13,0,100364.07692307692
2024-10-22,1340988,13,0,103152.92307692308
2024-10-23,1354280,13,0,104175.38461538461
2024-10-24,1348256,13,0,103712.0
2024-10-25,1359611,13,0,104585.46153846153
2024-10-26,1031709,13,0,79362.23076923077
2024-10-27,854247,13,0,65711.30769230769
2024-10-28,1277342,13,0,98257.07692307692
2024-10-29,1338335,13,0,102948.84615384616
2024-10-30,1354313,13,0,104177.92307692308
2024-10-31,960237,13,1,73864.38461538461
2024-11-01,1161225,13,0,89325.0
2024-11-02,917139,13,0,70549.15384615384
2024-11-03,869746,13,0,66903.53846153847
2024-11-04,1290557,13,0,99273.61538461539
2024-11-05,1340666,13,0,103128.15384615384
2024-11-06,1358741,13,0,104518.53846153847
2024-11-07,1362984,13,0,104844.92307692308
2024-11-08,1385431,13,0,106571.61538461539
2024-11-09,994799,13,0,76523.0
2024-11-10,883307,13,0,67946.69230769231
2024-11-11,1349567,13,0,103812.84615384616
2024-11-12,1359054,13,0,104542.61538461539
2024-11-13,1375739,13,0,105826.07692307692
2024-11-14,1373662,13,0,105666.30769230769
2024-11-15,1386928,13,0,106686.76923076923
2024-11-16,940626,13,0,72355.84615384616
2024-11-17,858050,13,0,66003.84615384616
2024-11-18,1342401,13,0,103261.61538461539
2024-11-19,1384279,13,0,106483.0
2024-11-20,1406235,13,0,108171.92307692308
2024-11-21,1408907,13,0,108377.46153846153
2024-11-22,1417264,13,0,109020.30769230769
2024-11-23,1022412,13,0,78647.07692307692
2024-11-24,874200,13,0,67246.15384615384
2024-11-25,1335672,13,0,102744.0
2024-11-26,1367385,13,0,105183.46153846153
2024-11-27,1370268,13,0,105405.23076923077
2024-11-28,1375868,13,0,105836.0
2024-11-29,1399687,13,0,107668.23076923077
2024-11-30,1031799,13,0,79369.15384615384
2024-12-01,924408,13,0,71108.30769230769
2024-12-02,1318990,13,0,101460.76923076923
2024-12-03,1360502,13,0,104654.0
2024-12-04,1388537,13,0,106810.53846153847
2024-12-05,1362407,13,0,104800.53846153847
2024-12-06,1387884,13,0,106760.30769230769
2024-12-07,1041847,13,0,80142.07692307692
2024-12-08,933861,13,0,71835.46153846153
2024-12-09,1324469,13,0,101882.23076923077
2024-12-10,1385901,13,0,106607.76923076923
2024-12-11,1335033,13,0,102694.84615384616
2024-12-12,1362235,13,0,104787.30769230769
2024-12-13,1334535,13,0,102656.53846153847
2024-12-14,1025879,13,0,78913.76923076923
2024-12-15,897533,13,0,69041.0
2024-12-16,1295183,13,0,99629.46153846153
2024-12-17,1331075,13,0,102390.38461538461
2024-12-18,1363305,13,0,104869.61538461539
2024-12-19,1314963,13,0,101151.0
2024-12-20,1401963,13,1,107843.30769230769
2024-12-21,1055754,13,1,81211.84615384616
2024-12-22,1005680,13,1,77360.0
2024-12-23,1288975,13,1,99151.92307692308
2024-12-24,1325937,13,1,101995.15384615384
2024-12-25,1039853,13,1,79988.69230769231
2024-12-26,1202576,13,1,92505.84615384616
2024-12-27,1165584,13,1,89660.30769230769
2024-12-28,916160,13,1,70473.84615384616
2024-12-29,813511,13,1,62577.769230769234
2024-12-30,1165458,13,0,89650.61538461539
2024-12-31,1630790,13,0,125445.38461538461
2025-01-01,942015,13,1,72462.69230769231
2025-01-02,1252021,13,0,96309.30769230769
2025-01-03,1239155,13,0,95319.61538461539
2025-01-04,847718,13,0,65209.07692307692
2025-01-05,784506,13,0,60346.61538461538
2025-01-06,1313038,13,0,101002.92307692308
2025-01-07,1351553,13,0,103965.61538461539
2025-01-08,1380360,13,0,106181.53846153847
2025-01-09,1372999,13,0,105615.30769230769
2025-01-10,1371047,13,0,105465.15384615384
2025-01-11,962410,13,0,74031.53846153847
2025-01-12,886350,13,0,68180.76923076923
2025-01-13,1342040,13,0,103233.84615384616
2025-01-14,1353230,13,0,104094.61538461539
2025-01-15,1384693,13,0,106514.84615384616
2025-01-16,1381865,13,0,106297.30769230769
2025-01-17,1386568,13,1,106659.07692307692
2025-01-18,954264,13,1,73404.92307692308
2025-01-19,873763,13,1,67212.53846153847
2025-01-20,1352536,13,1,104041.23076923077
2025-01-21,1383500,13,1,106423.07692307692
2025-01-22,1404571,13,1,108043.92307692308
2025-01-23,1395047,13,1,107311.30769230769
2025-01-24,1367060,13,1,105158.46153846153
2025-01-25,960061,13,1,73850.84615384616
2025-01-26,861753,13,1,66288.69230769231
2025-01-27,1210615,13,1,93124.23076923077
2025-01-28,1151197,13,1,88553.61538461539
2025-01-29,1027323,13,1,79024.84615384616
2025-01-30,889127,13,1,68394.38461538461
2025-01-31,994205,13,1,76477.30769230769
2025-02-01,851326,13,1,65486.61538461538
2025-02-02,810356,13,1,62335.07692307692
2025-02-03,1256400,13,1,96646.15384615384
2025-02-04,1323279,13,1,101790.69230769231
2025-02-05,1336229,13,1,102786.84615384616
2025-02-06,1336871,13,1,102836.23076923077
2025-02-07,1363913,14,1,97422.35714285714
2025-02-08,1012009,15,1,67467.26666666666
2025-02-09,946257,15,1,63083.8
2025-02-10,1405791,15,1,93719.4
2025-02-11,957964,15,1,63864.26666666667
2025-02-12,1444800,15,1,96320.0
2025-02-13,1413902,15,1,94260.13333333333
2025-02-14,1435823,15,1,95721.53333333334
2025-02-15,998854,15,1,66590.26666666666
2025-02-16,851574,15,1,56771.6
2025-02-17,1353624,15,0,90241.6
2025-02-18,1423471,15,0,94898.06666666667
2025-02-19,1433723,15,0,95581.53333333334
2025-02-20,1423011,15,0,94867.4
2025-02-21,1403852,15,0,93590.13333333333
2025-02-22,971651,15,0,64776.73333333333
2025-02-23,872727,15,0,58181.8
2025-02-24,1360557,15,0,90703.8
2025-02-25,1417420,15,0,94494.66666666667
2025-02-26,1435516,15,0,95701.06666666667
2025-02-27,1418614,15,0,94574.26666666666
2025-02-28,1449543,15,0,96636.2
2025-03-01,943822,15,0,62921.46666666667
2025-03-02,705321,15,0,47021.4
2025-03-03,1305936,15,0,87062.4
2025-03-04,1352122,15,0,90141.46666666666
2025-03-05,1368301,15,0,91220.06666666667
2025-03-06,1354861,15,0,90324.06666666667
2025-03-07,1368784,15,0,91252.26666666666
2025-03-08,834804,15,0,55653.6
2025-03-09,775429,15,0,51695.26666666667
2025-03-10,1338204,15,0,89213.6
2025-03-11,1374251,15,0,91616.73333333334
2025-03-12,1381118,15,0,92074.53333333334
2025-03-13,1376796,15,0,91786.4
2025-03-14,1395045,15,0,93003.0
2025-03-15,895736,15,0,59715.73333333333
2025-03-16,783166,15,0,52211.066666666666
2025-03-17,1285537,15,0,85702.46666666666
2025-03-18,799286,15,0,53285.73333333333
2025-03-19,1383358,15,0,92223.86666666667
2025-03-20,1373692,15,0,91579.46666666666
2025-03-21,1388607,15,0,92573.8
2025-03-22,902084,15,0,60138.933333333334
2025-03-23,773432,15,0,51562.13333333333
2025-03-24,1335103,15,0,89006.86666666667
2025-03-25,1370543,15,0,91369.53333333334
2025-03-26,1386447,15,0,92429.8
2025-03-27,1334549,15,0,88969.93333333333
2025-03-28,1292026,15,0,86135.06666666667
2025-03-29,832276,15,0,55485.066666666666
2025-03-30,805928,15,1,53728.53333333333
2025-03-31,866197,15,1,57746.46666666667
2025-04-01,843998,15,1,56266.53333333333
2025-04-02,1030454,15,1,68696.93333333333
2025-04-03,1062955,15,0,70863.66666666667
2025-04-04,1056310,15,0,70420.66666666667
2025-04-05,818068,15,0,54537.86666666667
2025-04-06,804557,15,0,53637.13333333333
2025-04-07,1326675,15,0,88445.0
2025-04-08,1380648,15,0,92043.2
2025-04-09,1390710,15,0,92714.0
2025-04-10,1394630,15,0,92975.33333333333
2025-04-11,1398427,15,0,93228.46666666666
2025-04-12,967707,15,0,64513.8
2025-04-13,885500,15,0,59033.333333333336
2025-04-14,1369469,15,0,91297.93333333333
2025-04-15,1422215,15,0,94814.33333333333
2025-04-16,1470778,15,0,98051.86666666667
2025-04-17,1434987,15,0,95665.8
2025-04-18,1449115,15,0,96607.66666666667
2025-04-19,1020364,15,0,68024.26666666666
2025-04-20,915084,15,0,61005.6
2025-04-21,1363260,15,0,90884.0
2025-04-22,1406570,15,0,93771.33333333333
2025-04-23,1400777,15,0,93385.13333333333
2025-04-24,1416213,15,0,94414.2
2025-04-25,1419266,15,0,94617.73333333334
2025-04-26,1017446,15,0,67829.73333333334
2025-04-27,855471,15,0,57031.4
2025-04-28,1363325,15,0,90888.33333333333
2025-04-29,1403328,15,0,93555.2
2025-04-30,1491793,15,0,99452.86666666667
2025-05-01,940886,15,1,62725.73333333333
2025-05-02,1338485,15,0,89232.33333333333
2025-05-03,963174,15,0,64211.6
2025-05-04,843152,15,0,56210.13333333333
2025-05-05,1384798,15,0,92319.86666666667
2025-05-06,1416183,15,0,94412.2
2025-05-07,1426151,15,0,95076.73333333334
2025-05-08,1415069,15,0,94337.93333333333
2025-05-09,1432278,15,0,95485.2
2025-05-10,1031214,15,0,68747.6
2025-05-11,954453,15,0,63630.2
2025-05-12,841830,15,1,56122.0
2025-05-13,1399086,15,0,93272.4
2025-05-14,1414024,15,0,94268.26666666666
2025-05-15,1402487,15,0,93499.13333333333
2025-05-16,1380966,15,0,92064.4
2025-05-17,921413,15,0,61427.53333333333
2025-05-18,819583,15,0,54638.86666666667
2025-05-19,1340552,15,0,89370.13333333333
2025-05-20,1403845,15,0,93589.66666666667
2025-05-21,1435467,15,0,95697.8
2025-05-22,1424329,15,0,94955.26666666666
2025-05-23,1443633,15,0,96242.2
2025-05-24,1071421,15,0,71428.06666666667
2025-05-25,896353,15,0,59756.86666666667
2025-05-26,1292313,15,0,86154.2
2025-05-27,1317741,15,0,87849.4
2025-05-28,1443630,15,0,96242.0
2025-05-29,1473886,15,1,98259.06666666667
2025-05-30,1473370,15,1,98224.66666666667
2025-05-31,1095103,15,1,73006.86666666667
2025-06-01,1058669,15,1,70577.93333333333
2025-06-02,868839,15,1,57922.6
2025-06-03,1400316,15,1,93354.4
2025-06-04,1421234,15,1,94748.93333333333
2025-06-05,1390639,15,1,92709.26666666666
2025-06-06,1266706,15,1,84447.06666666667
2025-06-07,906253,15,1,60416.86666666667
2025-06-08,921954,15,1,61463.6
2025-06-09,1253377,15,1,83558.46666666666
2025-06-10,1428641,15,0,95242.73333333334
2025-06-11,1426918,15,0,95127.86666666667
2025-06-12,1402379,15,0,93491.93333333333
2025-06-13,1386122,15,0,92408.13333333333
2025-06-14,947613,15,0,63174.2
2025-06-15,850238,15,0,56682.53333333333
2025-06-16,1360401,15,0,90693.4
2025-06-17,1415246,15,0,94349.73333333334
2025-06-18,1423971,15,0,94931.4
2025-06-19,1402919,15,0,93527.93333333333
2025-06-20,1391857,15,0,92790.46666666666
2025-06-21,959675,15,0,63978.333333333336
2025-06-22,879335,15,0,58622.333333333336
2025-06-23,1372407,15,0,91493.8
2025-06-24,1404132,15,0,93608.8
2025-06-25,1429160,15,0,95277.33333333333
2025-06-26,1433087,15,0,95539.13333333333
2025-06-27,896072,15,1,59738.13333333333
2025-06-28,941264,15,0,62750.933333333334
2025-06-29,838880,15,0,55925.333333333336
2025-06-30,1351524,15,0,90101.6
2025-07-01,1407300,15,0,93820.0
2025-07-02,1416702,15,0,94446.8
2025-07-03,1411164,15,0,94077.6
2025-07-04,1413503,15,0,94233.53333333334
2025-07-05,975444,15,0,65029.6
2025-07-06,870615,15,0,58041.0
2025-07-07,1395749,15,0,93049.93333333333
2025-07-08,1443629,15,0,96241.93333333333
2025-07-09,1462081,15,0,97472.06666666667
2025-07-10,1451518,15,0,96767.86666666667
2025-07-11,1449588,15,0,96639.2
2025-07-12,1007940,15,0,67196.0
2025-07-13,891380,15,0,59425.333333333336
2025-07-14,1401835,15,0,93455.66666666667
2025-07-15,1454232,15,0,96948.8
2025-07-16,1467727,15,0,97848.46666666666
2025-07-17,1441514,15,0,96100.93333333333
2025-07-18,1448220,15,0,96548.0
2025-07-19,981886,15,0,65459.066666666666
2025-07-20,852943,15,0,56862.86666666667
2025-07-21,1389447,15,0,92629.8
2025-07-22,1417145,15,0,94476.33333333333
2025-07-23,1453623,15,0,96908.2
2025-07-24,1448108,15,0,96540.53333333334
2025-07-25,1452612,15,0,96840.8
2025-07-26,1016290,15,0,67752.66666666667
2025-07-27,845468,15,0,56364.53333333333
2025-07-28,1376686,15,0,91779.06666666667
2025-07-29,1408583,15,0,93905.53333333334
2025-07-30,1432932,15,0,95528.8
2025-07-31,1418244,15,0,94549.6
2025-08-01,1427891,15,0,95192.73333333334
2025-08-02,986624,15,0,65774.93333333333
2025-08-03,880572,15,0,58704.8
2025-08-04,1387859,15,0,92523.93333333333
2025-08-05,1450820,15,0,96721.33333333333
2025-08-06,1468058,15,0,97870.53333333334
2025-08-07,1460071,15,0,97338.06666666667
2025-08-08,1456886,15,0,97125.73333333334
2025-08-09,1014367,15,0,67624.46666666666
2025-08-10,909733,15,0,60648.86666666667
2025-08-11,1430509,15,0,95367.26666666666
2025-08-12,1469024,15,0,97934.93333333333
2025-08-13,1482600,15,0,98840.0
2025-08-14,1449657,15,0,96643.8
2025-08-15,1467236,15,0,97815.73333333334
2025-08-16,1019681,15,0,67978.73333333334
2025-08-17,891028,15,0,59401.86666666667
2025-08-18,1399560,15,0,93304.0
2025-08-19,1443993,15,0,96266.2
2025-08-20,1464474,15,0,97631.6
2025-08-21,1423856,15,0,94923.73333333334
2025-08-22,1439794,15,0,95986.26666666666
2025-08-23,989492,15,0,65966.13333333333
2025-08-24,864631,15,0,57642.066666666666
2025-08-25,1392501,15,0,92833.4
2025-08-26,1426951,15,0,95130.06666666667
2025-08-27,1433527,15,0,95568.46666666666
2025-08-28,1415501,15,0,94366.73333333334
2025-08-29,1437027,15,0,95801.8
2025-08-30,1106287,15,0,73752.46666666666
2025-08-31,1146582,15,1,76438.8
2025-09-01,819062,15,0,54604.13333333333
2025-09-02,1389651,15,0,92643.4
2025-09-03,1402406,15,0,93493.73333333334
2025-09-04,1438463,15,0,95897.53333333334
2025-09-05,910304,15,1,60686.933333333334
2025-09-06,917600,15,0,61173.333333333336
2025-09-07,828895,15,0,55259.666666666664
2025-09-08,1377414,15,0,91827.6
2025-09-09,1427385,15,0,95159.0
2025-09-10,1439522,15,0,95968.13333333333
2025-09-11,1425193,15,0,95012.86666666667
2025-09-12,1428802,15,1,95253.46666666666
2025-09-13,990377,15,1,66025.13333333333
2025-09-14,964581,15,1,64305.4
2025-09-15,948717,15,1,63247.8
2025-09-16,871837,15,1,58122.46666666667
2025-09-17,1398060,15,1,93204.0
2025-09-18,1400326,15,1,93355.06666666667
2025-09-19,1361668,15,1,90777.86666666667
2025-09-20,935902,15,1,62393.46666666667
2025-09-21,788071,15,1,52538.066666666666
2025-09-22,1356448,15,0,90429.86666666667
2025-09-23,1397824,15,0,93188.26666666666
2025-09-24,1415575,15,0,94371.66666666667
2025-09-25,1412531,15,0,94168.73333333334
2025-09-26,1400040,15,0,93336.0
2025-09-27,937096,15,0,62473.066666666666
2025-09-28,816506,15,0,54433.73333333333
2025-09-29,1350847,15,0,90056.46666666666
2025-09-30,1400381,15,0,93358.73333333334
2025-10-01,1425853,15,0,95056.86666666667
2025-10-02,1437270,15,0,95818.0
2025-10-03,1455569,15,0,97037.93333333333
2025-10-04,1061700,15,0,70780.0
2025-10-05,930728,15,0,62048.53333333333
2025-10-06,1388684,15,0,92578.93333333333
2025-10-07,1452024,15,0,96801.6
2025-10-08,1476597,15,0,98439.8
2025-10-09,1430484,15,0,95365.6
2025-10-10,1476082,15,0,98405.46666666666
2025-10-11,999682,15,0,66645.46666666666
2025-10-12,865200,15,0,57680.0
2025-10-13,1397336,15,0,93155.73333333334
2025-10-14,1438715,15,0,95914.33333333333
2025-10-15,1459063,15,0,97270.86666666667
2025-10-16,1459758,15,0,97317.2
2025-10-17,1456115,15,0,97074.33333333333
2025-10-18,996026,15,0,66401.73333333334
2025-10-19,969668,15,0,64644.53333333333
2025-10-20,865131,15,1,57675.4
2025-10-21,1301313,15,0,86754.2
2025-10-22,1310631,15,0,87375.4
2025-10-23,1287489,15,0,85832.6
2025-10-24,1320413,15,0,88027.53333333334
2025-10-25,901451,15,0,60096.73333333333
2025-10-26,756848,15,0,50456.53333333333
2025-10-27,1145396,15,0,76359.73333333334
2025-10-28,1206685,15,0,80445.66666666667
2025-10-29,1386967,15,0,92464.46666666666
2025-10-30,1392098,15,0,92806.53333333334
2025-10-31,1412911,15,0,94194.06666666667
2025-11-01,959714,15,0,63980.933333333334
2025-11-02,845002,15,0,56333.46666666667
2025-11-03,1358341,15,0,90556.06666666667
2025-11-04,1397487,15,0,93165.8
2025-11-05,1421204,15,0,94746.93333333333
2025-11-06,1425279,15,0,95018.6
2025-11-07,1453055,15,0,96870.33333333333
2025-11-08,999189,15,0,66612.6
2025-11-09,908391,15,0,60559.4
2025-11-10,1392927,15,0,92861.8
2025-11-11,1441014,15,0,96067.6
2025-11-12,1443608,15,0,96240.53333333334
2025-11-13,1419150,15,0,94610.0
2025-11-14,1417086,15,0,94472.4
2025-11-15,952117,15,0,63474.46666666667
2025-11-16,852609,15,0,56840.6
2025-11-17,1378478,15,0,91898.53333333334
2025-11-18,1441322,15,0,96088.13333333333
2025-11-19,1450782,15,0,96718.8
2025-11-20,1444193,15,0,96279.53333333334
2025-11-21,1427723,15,0,95181.53333333334
2025-11-22,993549,15,0,66236.6
2025-11-23,836083,15,0,55738.86666666667
2025-11-24,1321763,15,0,88117.53333333334
2025-11-25,1411825,15,0,94121.66666666667
2025-11-26,1435675,15,0,95711.66666666667
2025-11-27,1417247,15,0,94483.13333333333
2025-11-28,1401358,15,0,93423.86666666667
2025-11-29,998131,15,0,66542.06666666667
2025-11-30,871813,15,0,58120.86666666667
2025-12-01,1369421,15,0,91294.73333333334
2025-12-02,1422142,15,0,94809.46666666666
2025-12-03,1431912,15,0,95460.8
2025-12-04,1439686,15,0,95979.06666666667
2025-12-05,1455033,15,0,97002.2
2025-12-06,1050952,15,0,70063.46666666666
2025-12-07,966460,15,0,64430.666666666664
2025-12-08,1398599,15,0,93239.93333333333
2025-12-09,1425662,15,0,95044.13333333333
2025-12-10,1448706,15,0,96580.4
2025-12-11,1346786,15,0,89785.73333333334
2025-12-12,1382121,15,0,92141.4
2025-12-13,976082,15,0,65072.13333333333
2025-12-14,941491,15,0,62766.066666666666
2025-12-15,1354449,15,0,90296.6
2025-12-16,1389868,15,0,92657.86666666667
2025-12-17,1413124,15,0,94208.26666666666
2025-12-18,1397932,15,0,93195.46666666666
2025-12-19,1404675,15,1,93645.0
2025-12-20,1053007,15,1,70200.46666666666
2025-12-21,967087,15,1,64472.46666666667
2025-12-22,1350673,15,1,90044.86666666667
2025-12-23,1380895,15,1,92059.66666666667
2025-12-24,1392293,15,1,92819.53333333334
2025-12-25,1016236,15,1,67749.06666666667
2025-12-26,1181230,15,1,78748.66666666667
2025-12-27,977982,15,1,65198.8
2025-12-28,875847,15,1,58389.8
2025-12-29,1243458,15,1,82897.2
2025-12-30,1279647,15,1,85309.8
2025-12-31,1708310,15,1,113887.33333333333
2026-01-01,972255,15,1,64817.0
2026-01-02,1207803,15,0,80520.2
2026-01-03,925550,15,0,61703.333333333336
2026-01-04,823426,15,0,54895.066666666666
2026-01-05,1368889,15,0,91259.26666666666
2026-01-06,1414029,15,0,94268.6
2026-01-07,1433839,15,0,95589.26666666666
2026-01-08,1402582,15,0,93505.46666666666
2026-01-09,1400187,15,0,93345.8
2026-01-10,1043478,15,0,69565.2
2026-01-11,861719,15,1,57447.933333333334
2026-01-12,1384229,15,1,92281.93333333333
2026-01-13,1443897,15,0,96259.8
2026-01-14,1462397,15,0,97493.13333333333
2026-01-15,1436378,15,0,95758.53333333334
2026-01-16,1467777,15,0,97851.8
2026-01-17,973381,15,0,64892.066666666666
2026-01-18,852932,15,0,56862.13333333333
2026-01-19,1414254,15,0,94283.6
2026-01-20,1460155,15,0,97343.66666666667
2026-01-21,1466431,15,0,97762.06666666667
2026-01-22,1453205,15,0,96880.33333333333
2026-01-23,1458972,15,0,97264.8
2026-01-24,973592,15,0,64906.13333333333
2026-01-25,861592,15,0,57439.46666666667
2026-01-26,1421353,15,0,94756.86666666667
2026-01-27,1462959,15,0,97530.6
2026-01-28,1483084,15,0,98872.26666666666
2026-01-29,1466486,15,0,97765.73333333334
2026-01-30,1544499,15,0,102966.6
2026-01-31,1175536,15,0,78369.06666666667
2026-02-01,1090899,15,1,72726.6
2026-02-02,841334,15,1,56088.933333333334
2026-02-03,1067090,15,1,71139.33333333333
2026-02-04,1487475,15,0,99165.0
2026-02-05,1506365,15,0,100424.33333333333
2026-02-06,1527835,15,0,101855.66666666667
2026-02-07,1133762,15,0,75584.13333333333
2026-02-08,988834,15,0,65922.26666666666
2026-02-09,1515448,15,0,101029.86666666667
2026-02-10,1562571,15,0,104171.4
2026-02-11,1571052,15,0,104736.8
2026-02-12,1565410,15,0,104360.66666666667
2026-02-13,1583000,15,0,105533.33333333333
2026-02-14,1114281,15,0,74285.4
2026-02-15,941912,15,0,62794.13333333333
2026-02-16,1155597,15,0,77039.8
2026-02-17,893050,15,1,59536.666666666664
2026-02-18,809937,15,1,53995.8
2026-02-19,941332,15,0,62755.46666666667
2026-02-20,1016003,15,0,67733.53333333334
2026-02-21,727445,15,0,48496.333333333336
2026-02-22,681617,15,0,45441.13333333333
2026-02-23,1345256,15,0,89683.73333333334
2026-02-24,1371681,15,0,91445.4
2026-02-25,1369631,15,0,91308.73333333334
2026-02-26,1406708,15,0,93780.53333333334
2026-02-27,1422325,15,0,94821.66666666667
2026-02-28,873670,15,0,58244.666666666664
2026-03-01,900735,15,0,60049.0
2026-03-02,1406324,15,0,93754.93333333333
2026-03-03,1443507,15,0,96233.8
2026-03-04,1456988,15,0,97132.53333333334
2026-03-05,1457269,15,0,97151.26666666666
2026-03-06,1454651,15,0,96976.73333333334
2026-03-07,938386,15,0,62559.066666666666
2026-03-08,860286,15,0,57352.4
2026-03-09,1426457,15,0,95097.13333333333
2026-03-10,1477064,15,0,98470.93333333333
2026-03-11,1419737,15,0,94649.13333333333
2026-03-12,1470952,15,0,98063.46666666666
2026-03-13,1474989,15,0,98332.6
2026-03-14,971577,15,0,64771.8
2026-03-15,849301,15,0,56620.066666666666
2026-03-16,1425282,15,0,95018.8
2026-03-17,1485712,15,0,99047.46666666666
2026-03-18,1404273,15,0,93618.2
2026-03-19,1191885,15,0,79459.0
2026-03-20,812309,15,1,54153.933333333334
2026-03-21,904038,15,1,60269.2
2026-03-22,936484,15,1,62432.26666666667
2026-03-23,787308,15,1,52487.2
2026-03-24,1100132,15,1,73342.13333333333
2026-03-25,1196641,15,1,79776.06666666667
2026-03-26,1258338,15,1,83889.2
2026-03-27,1251542,15,1,83436.13333333333
2026-03-28,862758,15,1,57517.2
2026-03-29,793483,15,1,52898.86666666667
2026-03-30,1373696,15,0,91579.73333333334
2026-03-31,1441377,15,0,96091.8
