date,total_ridership,fuel_ron95,rainfall_mm,modal_shift_signal
2019-01-01,402968,2.2,78.83147007482994,0
2019-01-02,658114,2.2,78.83147007482994,0
2019-01-03,681570,2.2,78.83147007482994,0
2019-01-04,725187,2.2,78.83147007482994,0
2019-01-05,408419,1.93,78.83147007482994,0
2019-01-06,342432,1.93,78.83147007482994,0
2019-01-07,715212,1.93,78.83147007482994,0
2019-01-08,719271,1.93,78.83147007482994,0
2019-01-09,725458,1.93,78.83147007482994,0
2019-01-10,731261,1.93,78.83147007482994,0
2019-01-11,773973,1.93,72.0533995707483,0
2019-01-12,431931,1.92,72.0533995707483,0
2019-01-13,370104,1.92,72.0533995707483,0
2019-01-14,729825,1.92,72.0533995707483,0
2019-01-15,722287,1.92,72.0533995707483,0
2019-01-16,736489,1.92,72.0533995707483,0
2019-01-17,742138,1.92,72.0533995707483,0
2019-01-18,796281,1.92,72.0533995707483,0
2019-01-19,445597,1.98,72.0533995707483,0
2019-01-20,368258,1.98,72.0533995707483,0
2019-01-21,358450,1.98,73.43778799455782,0
2019-01-22,721713,1.98,73.43778799455782,0
2019-01-23,731232,1.98,73.43778799455782,0
2019-01-24,738099,1.98,73.43778799455782,0
2019-01-25,795136,1.98,73.43778799455782,0
2019-01-26,465518,1.98,73.43778799455782,0
2019-01-27,378959,1.98,73.43778799455782,0
2019-01-28,739143,1.98,73.43778799455782,0
2019-01-29,749451,1.98,73.43778799455782,0
2019-01-30,756930,1.98,73.43778799455782,0
2019-01-31,786566,1.98,73.43778799455782,0
2019-02-01,469491,1.98,44.19100641496599,0
2019-02-02,385001,1.93,44.19100641496599,0
2019-02-03,347308,1.93,44.19100641496599,0
2019-02-04,496773,1.93,44.19100641496599,0
2019-02-05,376804,1.93,44.19100641496599,0
2019-02-06,333729,1.93,44.19100641496599,0
2019-02-07,552761,1.93,44.19100641496599,0
2019-02-08,584101,1.93,44.19100641496599,0
2019-02-09,375785,1.97,44.19100641496599,0
2019-02-10,332385,1.97,44.19100641496599,0
2019-02-11,717696,1.97,72.22852411768707,0
2019-02-12,727503,1.97,72.22852411768707,0
2019-02-13,722933,1.97,72.22852411768707,0
2019-02-14,746498,1.97,72.22852411768707,0
2019-02-15,776878,1.97,72.22852411768707,0
2019-02-16,454619,1.98,72.22852411768707,0
2019-02-17,368979,1.98,72.22852411768707,0
2019-02-18,699999,1.98,72.22852411768707,0
2019-02-19,662501,1.98,72.22852411768707,0
2019-02-20,739742,1.98,72.22852411768707,0
2019-02-21,742936,1.98,18.002276176870748,0
2019-02-22,788763,1.98,18.002276176870748,0
2019-02-23,434610,2.08,18.002276176870748,0
2019-02-24,361035,2.08,18.002276176870748,0
2019-02-25,730723,2.08,18.002276176870748,0
2019-02-26,735024,2.08,18.002276176870748,0
2019-02-27,739772,2.08,18.002276176870748,0
2019-02-28,749755,2.08,18.002276176870748,0
2019-03-01,806263,2.08,26.54030949455782,0
2019-03-02,464142,2.08,26.54030949455782,0
2019-03-03,386135,2.08,26.54030949455782,0
2019-03-04,730491,2.08,26.54030949455782,0
2019-03-05,741906,2.08,26.54030949455782,0
2019-03-06,755978,2.08,26.54030949455782,0
2019-03-07,758524,2.08,26.54030949455782,0
2019-03-08,827333,2.08,26.54030949455782,0
2019-03-09,452355,2.08,26.54030949455782,0
2019-03-10,369258,2.08,26.54030949455782,0
2019-03-11,737428,2.08,22.865804008843536,0
2019-03-12,747534,2.08,22.865804008843536,0
2019-03-13,745208,2.08,22.865804008843536,0
2019-03-14,745216,2.08,22.865804008843536,0
2019-03-15,815207,2.08,22.865804008843536,0
2019-03-16,487703,2.08,22.865804008843536,0
2019-03-17,390719,2.08,22.865804008843536,0
2019-03-18,723295,2.08,22.865804008843536,0
2019-03-19,732209,2.08,22.865804008843536,0
2019-03-20,739994,2.08,22.865804008843536,0
2019-03-21,753705,2.08,60.35915513605442,0
2019-03-22,799601,2.08,60.35915513605442,0
2019-03-23,435373,2.08,60.35915513605442,0
2019-03-24,355167,2.08,60.35915513605442,0
2019-03-25,716058,2.08,60.35915513605442,0
2019-03-26,729358,2.08,60.35915513605442,0
2019-03-27,741447,2.08,60.35915513605442,0
2019-03-28,742759,2.08,60.35915513605442,0
2019-03-29,860003,2.08,60.35915513605442,0
2019-03-30,478863,2.08,60.35915513605442,0
2019-03-31,388265,2.08,60.35915513605442,0
2019-04-01,734210,2.08,53.36985803061225,0
2019-04-02,755353,2.08,53.36985803061225,0
2019-04-03,766902,2.08,53.36985803061225,0
2019-04-04,770860,2.08,53.36985803061225,0
2019-04-05,824283,2.08,53.36985803061225,0
2019-04-06,497274,2.08,53.36985803061225,0
2019-04-07,410039,2.08,53.36985803061225,0
2019-04-08,742974,2.08,53.36985803061225,0
2019-04-09,748619,2.08,53.36985803061225,0
2019-04-10,749395,2.08,53.36985803061225,0
2019-04-11,748667,2.08,56.47231407006802,0
2019-04-12,794082,2.08,56.47231407006802,0
2019-04-13,476671,2.08,56.47231407006802,0
2019-04-14,387326,2.08,56.47231407006802,0
2019-04-15,732766,2.08,56.47231407006802,0
2019-04-16,737663,2.08,56.47231407006802,0
2019-04-17,738264,2.08,56.47231407006802,0
2019-04-18,743115,2.08,56.47231407006802,0
2019-04-19,783152,2.08,56.47231407006802,0
2019-04-20,430600,2.08,56.47231407006802,0
2019-04-21,364938,2.08,74.55990855782314,0
2019-04-22,721154,2.08,74.55990855782314,0
2019-04-23,722891,2.08,74.55990855782314,0
2019-04-24,747740,2.08,74.55990855782314,0
2019-04-25,746654,2.08,74.55990855782314,0
2019-04-26,799465,2.08,74.55990855782314,0
2019-04-27,484303,2.08,74.55990855782314,0
2019-04-28,381830,2.08,74.55990855782314,0
2019-04-29,739773,2.08,74.55990855782314,0
2019-04-30,774342,2.08,74.55990855782314,0
2019-05-01,460750,2.08,68.65264580272108,0
2019-05-02,782058,2.08,68.65264580272108,0
2019-05-03,835071,2.08,68.65264580272108,0
2019-05-04,477018,2.08,68.65264580272108,0
2019-05-05,382931,2.08,68.65264580272108,0
2019-05-06,701330,2.08,68.65264580272108,0
2019-05-07,729149,2.08,68.65264580272108,0
2019-05-08,732305,2.08,68.65264580272108,0
2019-05-09,733660,2.08,68.65264580272108,0
2019-05-10,777371,2.08,68.65264580272108,0
2019-05-11,387595,2.08,90.15884108843538,1
2019-05-12,326953,2.08,90.15884108843538,1
2019-05-13,716682,2.08,90.15884108843538,1
2019-05-14,729597,2.08,90.15884108843538,1
2019-05-15,735428,2.08,90.15884108843538,1
2019-05-16,740391,2.08,90.15884108843538,1
2019-05-17,792642,2.08,90.15884108843538,1
2019-05-18,402377,2.08,90.15884108843538,1
2019-05-19,343227,2.08,90.15884108843538,1
2019-05-20,326915,2.08,90.15884108843538,1
2019-05-21,643019,2.08,84.62488391156462,1
2019-05-22,349144,2.08,84.62488391156462,1
2019-05-23,732659,2.08,84.62488391156462,1
2019-05-24,789675,2.08,84.62488391156462,1
2019-05-25,444254,2.08,84.62488391156462,1
2019-05-26,377592,2.08,84.62488391156462,1
2019-05-27,747204,2.08,84.62488391156462,1
2019-05-28,758129,2.08,84.62488391156462,1
2019-05-29,767320,2.08,84.62488391156462,1
2019-05-30,768457,2.08,84.62488391156462,1
2019-05-31,804567,2.08,84.62488391156462,1
2019-06-01,453066,2.08,112.3663147755102,1
2019-06-02,379857,2.08,112.3663147755102,1
2019-06-03,630274,2.08,112.3663147755102,1
2019-06-04,567279,2.08,112.3663147755102,1
2019-06-05,385675,2.08,112.3663147755102,1
2019-06-06,375471,2.08,112.3663147755102,1
2019-06-07,488404,2.08,112.3663147755102,1
2019-06-08,342704,2.08,112.3663147755102,1
2019-06-09,330017,2.08,112.3663147755102,1
2019-06-10,659452,2.08,112.3663147755102,1
2019-06-11,716459,2.08,61.58910506802721,0
2019-06-12,732631,2.08,61.58910506802721,0
2019-06-13,736426,2.08,61.58910506802721,0
2019-06-14,778023,2.08,61.58910506802721,0
2019-06-15,426127,2.08,61.58910506802721,0
2019-06-16,352516,2.08,61.58910506802721,0
2019-06-17,732007,2.08,61.58910506802721,0
2019-06-18,746097,2.08,61.58910506802721,0
2019-06-19,761927,2.08,61.58910506802721,0
2019-06-20,760502,2.08,61.58910506802721,0
2019-06-21,805120,2.08,65.47953117687074,0
2019-06-22,452438,2.08,65.47953117687074,0
2019-06-23,372364,2.08,65.47953117687074,0
2019-06-24,652439,2.08,65.47953117687074,0
2019-06-25,749568,2.08,65.47953117687074,0
2019-06-26,761086,2.08,65.47953117687074,0
2019-06-27,764947,2.08,65.47953117687074,0
2019-06-28,820225,2.08,65.47953117687074,0
2019-06-29,480880,2.08,65.47953117687074,0
2019-06-30,405494,2.08,65.47953117687074,0
2019-07-01,756323,2.08,41.2862131904762,0
2019-07-02,760673,2.08,41.2862131904762,0
2019-07-03,773167,2.08,41.2862131904762,0
2019-07-04,777166,2.08,41.2862131904762,0
2019-07-05,843762,2.08,41.2862131904762,0
2019-07-06,518302,2.08,41.2862131904762,0
2019-07-07,402065,2.08,41.2862131904762,0
2019-07-08,769466,2.08,41.2862131904762,0
2019-07-09,769342,2.08,41.2862131904762,0
2019-07-10,775488,2.08,41.2862131904762,0
2019-07-11,773467,2.08,51.85156675510204,0
2019-07-12,842211,2.08,51.85156675510204,0
2019-07-13,487027,2.08,51.85156675510204,0
2019-07-14,392389,2.08,51.85156675510204,0
2019-07-15,761819,2.08,51.85156675510204,0
2019-07-16,758707,2.08,51.85156675510204,0
2019-07-17,772461,2.08,51.85156675510204,0
2019-07-18,775798,2.08,51.85156675510204,0
2019-07-19,823344,2.08,51.85156675510204,0
2019-07-20,448442,2.08,51.85156675510204,0
2019-07-21,364326,2.08,58.521117414965985,0
2019-07-22,748266,2.08,58.521117414965985,0
2019-07-23,758100,2.08,58.521117414965985,0
2019-07-24,762343,2.08,58.521117414965985,0
2019-07-25,775348,2.08,58.521117414965985,0
2019-07-26,836630,2.08,58.521117414965985,0
2019-07-27,523319,2.08,58.521117414965985,0
2019-07-28,393497,2.08,58.521117414965985,0
2019-07-29,728011,2.08,58.521117414965985,0
2019-07-30,399930,2.08,58.521117414965985,0
2019-07-31,765310,2.08,58.521117414965985,0
2019-08-01,769888,2.08,46.431382340136054,0
2019-08-02,818007,2.08,46.431382340136054,0
2019-08-03,461922,2.08,46.431382340136054,0
2019-08-04,375355,2.08,46.431382340136054,0
2019-08-05,762447,2.08,46.431382340136054,0
2019-08-06,767025,2.08,46.431382340136054,0
2019-08-07,777116,2.08,46.431382340136054,0
2019-08-08,792698,2.08,46.431382340136054,0
2019-08-09,852582,2.08,46.431382340136054,0
2019-08-10,438400,2.08,46.431382340136054,0
2019-08-11,392452,2.08,53.68051027210884,0
2019-08-12,385019,2.08,53.68051027210884,0
2019-08-13,699920,2.08,53.68051027210884,0
2019-08-14,749364,2.08,53.68051027210884,0
2019-08-15,772097,2.08,53.68051027210884,0
2019-08-16,786169,2.08,53.68051027210884,0
2019-08-17,456580,2.08,53.68051027210884,0
2019-08-18,358788,2.08,53.68051027210884,0
2019-08-19,745007,2.08,53.68051027210884,0
2019-08-20,750962,2.08,53.68051027210884,0
2019-08-21,759025,2.08,68.20623931972789,0
2019-08-22,773564,2.08,68.20623931972789,0
2019-08-23,807491,2.08,68.20623931972789,0
2019-08-24,453490,2.08,68.20623931972789,0
2019-08-25,370204,2.08,68.20623931972789,0
2019-08-26,748703,2.08,68.20623931972789,0
2019-08-27,756255,2.08,68.20623931972789,0
2019-08-28,762633,2.08,68.20623931972789,0
2019-08-29,771382,2.08,68.20623931972789,0
2019-08-30,844712,2.08,68.20623931972789,0
2019-08-31,461540,2.08,68.20623931972789,0
2019-09-01,386806,2.08,50.69672190476191,0
2019-09-02,372398,2.08,50.69672190476191,0
2019-09-03,731281,2.08,50.69672190476191,0
2019-09-04,745343,2.08,50.69672190476191,0
2019-09-05,752264,2.08,50.69672190476191,0
2019-09-06,828573,2.08,50.69672190476191,0
2019-09-07,476224,2.08,50.69672190476191,0
2019-09-08,423888,2.08,50.69672190476191,0
2019-09-09,375679,2.08,50.69672190476191,0
2019-09-10,768662,2.08,50.69672190476191,0
2019-09-11,752979,2.08,62.608453510204086,0
2019-09-12,762472,2.08,62.608453510204086,0
2019-09-13,824340,2.08,62.608453510204086,0
2019-09-14,462820,2.08,62.608453510204086,0
2019-09-15,388996,2.08,62.608453510204086,0
2019-09-16,372089,2.08,62.608453510204086,0
2019-09-17,732720,2.08,62.608453510204086,0
2019-09-18,740415,2.08,62.608453510204086,0
2019-09-19,724312,2.08,62.608453510204086,0
2019-09-20,765014,2.08,62.608453510204086,0
2019-09-21,432181,2.08,62.114183326530615,0
2019-09-22,348945,2.08,62.114183326530615,0
2019-09-23,726737,2.08,62.114183326530615,0
2019-09-24,742141,2.08,62.114183326530615,0
2019-09-25,752481,2.08,62.114183326530615,0
2019-09-26,765992,2.08,62.114183326530615,0
2019-09-27,828935,2.08,62.114183326530615,0
2019-09-28,483043,2.08,62.114183326530615,0
2019-09-29,414890,2.08,62.114183326530615,0
2019-09-30,748998,2.08,62.114183326530615,0
2019-10-01,765283,2.08,89.43918085714286,1
2019-10-02,776225,2.08,89.43918085714286,1
2019-10-03,779199,2.08,89.43918085714286,1
2019-10-04,844695,2.08,89.43918085714286,1
2019-10-05,491286,2.08,89.43918085714286,1
2019-10-06,410631,2.08,89.43918085714286,1
2019-10-07,769906,2.08,89.43918085714286,1
2019-10-08,779814,2.08,89.43918085714286,1
2019-10-09,796473,2.08,89.43918085714286,1
2019-10-10,800121,2.08,89.43918085714286,1
2019-10-11,864066,2.08,103.49002242857142,1
2019-10-12,489350,2.08,103.49002242857142,1
2019-10-13,407609,2.08,103.49002242857142,1
2019-10-14,783094,2.08,103.49002242857142,1
2019-10-15,790371,2.08,103.49002242857142,1
2019-10-16,793678,2.08,103.49002242857142,1
2019-10-17,799263,2.08,103.49002242857142,1
2019-10-18,848306,2.08,103.49002242857142,1
2019-10-19,474387,2.08,103.49002242857142,1
2019-10-20,407436,2.08,103.49002242857142,1
2019-10-21,769932,2.08,115.40658957823129,1
2019-10-22,783351,2.08,115.40658957823129,1
2019-10-23,796939,2.08,115.40658957823129,1
2019-10-24,820244,2.08,115.40658957823129,1
2019-10-25,868127,2.08,115.40658957823129,1
2019-10-26,464521,2.08,115.40658957823129,1
2019-10-27,413653,2.08,115.40658957823129,1
2019-10-28,378563,2.08,115.40658957823129,1
2019-10-29,723385,2.08,115.40658957823129,1
2019-10-30,763143,2.08,115.40658957823129,1
2019-10-31,776081,2.08,115.40658957823129,1
2019-11-01,832457,2.08,92.03430740136054,1
2019-11-02,525890,2.08,92.03430740136054,1
2019-11-03,417567,2.08,92.03430740136054,1
2019-11-04,779208,2.08,92.03430740136054,1
2019-11-05,783831,2.08,92.03430740136054,1
2019-11-06,790468,2.08,92.03430740136054,1
2019-11-07,799297,2.08,92.03430740136054,1
2019-11-08,836298,2.08,92.03430740136054,1
2019-11-09,466728,2.08,92.03430740136054,1
2019-11-10,413948,2.08,92.03430740136054,1
2019-11-11,777041,2.08,83.56709137414965,1
2019-11-12,779354,2.08,83.56709137414965,1
2019-11-13,789982,2.08,83.56709137414965,1
2019-11-14,822615,2.08,83.56709137414965,1
2019-11-15,847202,2.08,83.56709137414965,1
2019-11-16,471449,2.08,83.56709137414965,1
2019-11-17,402857,2.08,83.56709137414965,1
2019-11-18,774630,2.08,83.56709137414965,1
2019-11-19,844484,2.08,83.56709137414965,1
2019-11-20,792760,2.08,83.56709137414965,1
2019-11-21,786099,2.08,124.21583666666666,1
2019-11-22,828186,2.08,124.21583666666666,1
2019-11-23,475680,2.08,124.21583666666666,1
2019-11-24,400193,2.08,124.21583666666666,1
2019-11-25,765525,2.08,124.21583666666666,1
2019-11-26,777203,2.08,124.21583666666666,1
2019-11-27,796541,2.08,124.21583666666666,1
2019-11-28,801279,2.08,124.21583666666666,1
2019-11-29,853397,2.08,124.21583666666666,1
2019-11-30,506138,2.08,124.21583666666666,1
2019-12-01,439659,2.08,118.39434874489795,1
2019-12-02,777385,2.08,118.39434874489795,1
2019-12-03,787062,2.08,118.39434874489795,1
2019-12-04,776690,2.08,118.39434874489795,1
2019-12-05,798942,2.08,118.39434874489795,1
2019-12-06,839859,2.08,118.39434874489795,1
2019-12-07,535386,2.08,118.39434874489795,1
2019-12-08,450573,2.08,118.39434874489795,1
2019-12-09,777119,2.08,118.39434874489795,1
2019-12-10,785150,2.08,118.39434874489795,1
2019-12-11,774415,2.08,141.50394642176872,1
2019-12-12,797093,2.08,141.50394642176872,1
2019-12-13,816359,2.08,141.50394642176872,1
2019-12-14,495545,2.08,141.50394642176872,1
2019-12-15,422687,2.08,141.50394642176872,1
2019-12-16,759967,2.08,141.50394642176872,1
2019-12-17,773954,2.08,141.50394642176872,1
2019-12-18,791543,2.08,141.50394642176872,1
2019-12-19,789042,2.08,141.50394642176872,1
2019-12-20,838386,2.08,141.50394642176872,1
2019-12-21,555854,2.08,64.98335916734693,0
2019-12-22,465604,2.08,64.98335916734693,0
2019-12-23,750447,2.08,64.98335916734693,0
2019-12-24,765639,2.08,64.98335916734693,0
2019-12-25,492597,2.08,64.98335916734693,0
2019-12-26,697407,2.08,64.98335916734693,0
2019-12-27,724014,2.08,64.98335916734693,0
2019-12-28,446785,2.08,64.98335916734693,0
2019-12-29,394461,2.08,64.98335916734693,0
2019-12-30,696345,2.08,64.98335916734693,0
2019-12-31,891594,2.08,64.98335916734693,0
2020-01-01,447279,2.08,51.37650362312925,0
2020-01-02,713618,2.08,51.37650362312925,0
2020-01-03,759523,2.08,51.37650362312925,0
2020-01-04,431041,2.08,51.37650362312925,0
2020-01-05,368683,2.08,51.37650362312925,0
2020-01-06,771678,2.08,51.37650362312925,0
2020-01-07,785231,2.08,51.37650362312925,0
2020-01-08,795130,2.08,51.37650362312925,0
2020-01-09,800330,2.08,51.37650362312925,0
2020-01-10,850735,2.08,51.37650362312925,0
2020-01-11,476384,2.08,54.924412716326536,0
2020-01-12,407279,2.08,54.924412716326536,0
2020-01-13,800119,2.08,54.924412716326536,0
2020-01-14,804890,2.08,54.924412716326536,0
2020-01-15,801159,2.08,54.924412716326536,0
2020-01-16,814218,2.08,54.924412716326536,0
2020-01-17,862900,2.08,54.924412716326536,0
2020-01-18,492871,2.08,54.924412716326536,0
2020-01-19,408840,2.08,54.924412716326536,0
2020-01-20,806286,2.08,54.924412716326536,0
2020-01-21,809591,2.08,41.90798768095238,0
2020-01-22,829945,2.08,41.90798768095238,0
2020-01-23,765947,2.08,41.90798768095238,0
2020-01-24,605827,2.08,41.90798768095238,0
2020-01-25,381448,2.08,41.90798768095238,0
2020-01-26,351228,2.08,41.90798768095238,0
2020-01-27,333062,2.08,41.90798768095238,0
2020-01-28,591514,2.08,41.90798768095238,0
2020-01-29,625204,2.08,41.90798768095238,0
2020-01-30,687993,2.08,41.90798768095238,0
2020-01-31,697997,2.08,41.90798768095238,0
2020-02-01,367747,2.08,56.904758231292526,0
2020-02-02,337930,2.08,56.904758231292526,0
2020-02-03,752950,2.08,56.904758231292526,0
2020-02-04,768948,2.08,56.904758231292526,0
2020-02-05,774680,2.08,56.904758231292526,0
2020-02-06,784810,2.08,56.904758231292526,0
2020-02-07,795399,2.08,56.904758231292526,0
2020-02-08,406171,2.04,56.904758231292526,0
2020-02-09,374316,2.04,56.904758231292526,0
2020-02-10,769817,2.04,56.904758231292526,0
2020-02-11,775966,2.04,77.1804049047619,0
2020-02-12,780105,2.04,77.1804049047619,0
2020-02-13,783135,2.04,77.1804049047619,0
2020-02-14,846273,2.04,77.1804049047619,0
2020-02-15,436071,2.06,77.1804049047619,0
2020-02-16,360514,2.06,77.1804049047619,0
2020-02-17,767802,2.06,77.1804049047619,0
2020-02-18,769620,2.06,77.1804049047619,0
2020-02-19,776510,2.06,77.1804049047619,0
2020-02-20,784648,2.06,77.1804049047619,0
2020-02-21,823417,2.06,15.788269657142857,0
2020-02-22,431655,2.08,15.788269657142857,0
2020-02-23,351785,2.08,15.788269657142857,0
2020-02-24,758651,2.08,15.788269657142857,0
2020-02-25,768565,2.08,15.788269657142857,0
2020-02-26,773562,2.08,15.788269657142857,0
2020-02-27,778858,2.08,15.788269657142857,0
2020-02-28,834993,2.08,15.788269657142857,0
2020-02-29,459328,2.08,15.788269657142857,0
2020-03-01,383226,2.08,53.877811253061225,0
2020-03-02,768480,2.08,53.877811253061225,0
2020-03-03,772986,2.08,53.877811253061225,0
2020-03-04,773482,2.08,53.877811253061225,0
2020-03-05,768796,2.08,53.877811253061225,0
2020-03-06,802830,2.08,53.877811253061225,0
2020-03-07,401519,1.89,53.877811253061225,0
2020-03-08,354378,1.89,53.877811253061225,0
2020-03-09,731499,1.89,53.877811253061225,0
2020-03-10,736158,1.89,53.877811253061225,0
2020-03-11,726641,1.89,37.49815454829932,0
2020-03-12,714085,1.89,37.49815454829932,0
2020-03-13,736063,1.89,37.49815454829932,0
2020-03-14,331113,1.82,37.49815454829932,0
2020-03-15,275025,1.82,37.49815454829932,0
2020-03-16,586271,1.82,37.49815454829932,0
2020-03-17,524986,1.82,37.49815454829932,0
2022-01-01,384122,1.82,89.61354429319728,0
2022-01-02,327878,1.82,89.61354429319728,0
2022-01-03,494486,1.82,89.61354429319728,0
2022-01-04,503110,1.82,89.61354429319728,0
2022-01-05,508754,1.82,89.61354429319728,0
2022-01-06,506953,2.05,89.61354429319728,0
2022-01-07,519304,2.05,89.61354429319728,0
2022-01-08,374793,2.05,89.61354429319728,0
2022-01-09,336859,2.05,89.61354429319728,0
2022-01-10,535564,2.05,89.61354429319728,0
2022-01-11,535507,2.05,48.86933938367347,0
2022-01-12,534945,2.05,48.86933938367347,0
2022-01-13,528262,2.05,48.86933938367347,0
2022-01-14,535769,2.05,48.86933938367347,0
2022-01-15,366020,2.05,48.86933938367347,0
2022-01-16,324608,2.05,48.86933938367347,0
2022-01-17,516943,2.05,48.86933938367347,0
2022-01-18,318573,2.05,48.86933938367347,0
2022-01-19,543777,2.05,48.86933938367347,0
2022-01-20,538186,2.05,48.86933938367347,0
2022-01-21,548248,2.05,61.84422342789115,0
2022-01-22,298515,2.05,61.84422342789115,0
2022-01-23,309614,2.05,61.84422342789115,0
2022-01-24,533153,2.05,61.84422342789115,0
2022-01-25,543378,2.05,61.84422342789115,0
2022-01-26,549772,2.05,61.84422342789115,0
2022-01-27,541508,2.05,61.84422342789115,0
2022-01-28,555050,2.05,61.84422342789115,0
2022-01-29,364472,2.05,61.84422342789115,0
2022-01-30,330092,2.05,61.84422342789115,0
2022-01-31,420403,2.05,61.84422342789115,0
2022-02-01,361490,2.05,121.57310244217688,0
2022-02-02,310805,2.05,121.57310244217688,0
2022-02-03,341320,2.05,121.57310244217688,0
2022-02-04,389174,2.05,121.57310244217688,0
2022-02-05,303702,2.05,121.57310244217688,0
2022-02-06,280404,2.05,121.57310244217688,0
2022-02-07,497134,2.05,121.57310244217688,0
2022-02-08,491720,2.05,121.57310244217688,0
2022-02-09,478719,2.05,121.57310244217688,0
2022-02-10,466654,2.05,121.57310244217688,0
2022-02-11,475395,2.05,108.49449543537415,0
2022-02-12,321872,2.05,108.49449543537415,0
2022-02-13,293346,2.05,108.49449543537415,0
2022-02-14,472738,2.05,108.49449543537415,0
2022-02-15,464624,2.05,108.49449543537415,0
2022-02-16,465930,2.05,108.49449543537415,0
2022-02-17,454532,2.05,108.49449543537415,0
2022-02-18,452013,2.05,108.49449543537415,0
2022-02-19,315236,2.05,108.49449543537415,0
2022-02-20,276527,2.05,108.49449543537415,0
2022-02-21,445209,2.05,113.13984759863945,0
2022-02-22,443064,2.05,113.13984759863945,0
2022-02-23,444199,2.05,113.13984759863945,0
2022-02-24,426701,2.05,113.13984759863945,0
2022-02-25,439683,2.05,113.13984759863945,0
2022-02-26,316990,2.05,113.13984759863945,0
2022-02-27,285113,2.05,113.13984759863945,0
2022-02-28,438438,2.05,113.13984759863945,0
2022-03-01,440949,2.05,115.98686140136054,0
2022-03-02,449362,2.05,115.98686140136054,0
2022-03-03,444163,2.05,115.98686140136054,0
2022-03-04,441115,2.05,115.98686140136054,0
2022-03-05,315504,2.05,115.98686140136054,0
2022-03-06,313930,2.05,115.98686140136054,0
2022-03-07,468877,2.05,115.98686140136054,0
2022-03-08,455547,2.05,115.98686140136054,0
2022-03-09,465100,2.05,115.98686140136054,0
2022-03-10,460586,2.05,115.98686140136054,0
2022-03-11,459742,2.05,74.30199589115647,0
2022-03-12,332483,2.05,74.30199589115647,0
2022-03-13,313883,2.05,74.30199589115647,0
2022-03-14,457486,2.05,74.30199589115647,0
2022-03-15,460744,2.05,74.30199589115647,0
2022-03-16,467035,2.05,74.30199589115647,0
2022-03-17,462232,2.05,74.30199589115647,0
2022-03-18,476104,2.05,74.30199589115647,0
2022-03-19,355472,2.05,74.30199589115647,0
2022-03-20,321051,2.05,74.30199589115647,0
2022-03-21,460091,2.05,95.67365835374149,0
2022-03-22,461100,2.05,95.67365835374149,0
2022-03-23,475667,2.05,95.67365835374149,0
2022-03-24,474450,2.05,95.67365835374149,0
2022-03-25,501295,2.05,95.67365835374149,0
2022-03-26,382398,2.05,95.67365835374149,0
2022-03-27,345233,2.05,95.67365835374149,0
2022-03-28,485451,2.05,95.67365835374149,0
2022-03-29,492905,2.05,95.67365835374149,0
2022-03-30,513299,2.05,95.67365835374149,0
2022-03-31,523801,2.05,95.67365835374149,0
2022-04-01,569458,2.05,107.13889189115646,0
2022-04-02,418081,2.05,107.13889189115646,0
2022-04-03,278908,2.05,107.13889189115646,0
2022-04-04,503033,2.05,107.13889189115646,0
2022-04-05,511739,2.05,107.13889189115646,0
2022-04-06,525366,2.05,107.13889189115646,0
2022-04-07,529151,2.05,107.13889189115646,0
2022-04-08,518972,2.05,107.13889189115646,0
2022-04-09,344656,2.05,107.13889189115646,0
2022-04-10,323750,2.05,107.13889189115646,0
2022-04-11,537838,2.05,85.28470616326531,0
2022-04-12,544292,2.05,85.28470616326531,0
2022-04-13,556019,2.05,85.28470616326531,0
2022-04-14,554289,2.05,85.28470616326531,0
2022-04-15,573700,2.05,85.28470616326531,0
2022-04-16,394937,2.05,85.28470616326531,0
2022-04-17,350985,2.05,85.28470616326531,0
2022-04-18,535712,2.05,85.28470616326531,0
2022-04-19,351636,2.05,85.28470616326531,0
2022-04-20,579617,2.05,85.28470616326531,0
2022-04-21,585133,2.05,73.56809014285714,0
2022-04-22,620060,2.05,73.56809014285714,0
2022-04-23,487018,2.05,73.56809014285714,0
2022-04-24,432097,2.05,73.56809014285714,0
2022-04-25,618202,2.05,73.56809014285714,0
2022-04-26,627617,2.05,73.56809014285714,0
2022-04-27,641995,2.05,73.56809014285714,0
2022-04-28,648689,2.05,73.56809014285714,0
2022-04-29,661453,2.05,73.56809014285714,0
2022-04-30,466238,2.05,73.56809014285714,0
2022-05-01,448064,2.05,99.65703436734694,0
2022-05-02,397241,2.05,99.65703436734694,0
2022-05-03,460154,2.05,99.65703436734694,0
2022-05-04,396378,2.05,99.65703436734694,0
2022-05-05,466693,2.05,99.65703436734694,0
2022-05-06,469890,2.05,99.65703436734694,0
2022-05-07,397152,2.05,99.65703436734694,0
2022-05-08,390036,2.05,99.65703436734694,0
2022-05-09,602885,2.05,99.65703436734694,0
2022-05-10,621592,2.05,99.65703436734694,0
2022-05-11,633278,2.05,83.48866874829932,0
2022-05-12,637041,2.05,83.48866874829932,0
2022-05-13,673122,2.05,83.48866874829932,0
2022-05-14,499935,2.05,83.48866874829932,0
2022-05-15,478755,2.05,83.48866874829932,0
2022-05-16,405267,2.05,83.48866874829932,0
2022-05-17,651016,2.05,83.48866874829932,0
2022-05-18,658858,2.05,83.48866874829932,0
2022-05-19,657689,2.05,83.48866874829932,0
2022-05-20,679283,2.05,83.48866874829932,0
2022-05-21,478247,2.05,59.62111291836735,0
2022-05-22,429182,2.05,59.62111291836735,0
2022-05-23,642956,2.05,59.62111291836735,0
2022-05-24,657424,2.05,59.62111291836735,0
2022-05-25,663317,2.05,59.62111291836735,0
2022-05-26,679734,2.05,59.62111291836735,0
2022-05-27,700310,2.05,59.62111291836735,0
2022-05-28,518546,2.05,59.62111291836735,0
2022-05-29,443070,2.05,59.62111291836735,0
2022-05-30,659498,2.05,59.62111291836735,0
2022-05-31,675581,2.05,59.62111291836735,0
2022-06-01,705169,2.05,84.21539725170068,0
2022-06-02,695238,2.05,84.21539725170068,0
2022-06-03,726784,2.05,84.21539725170068,0
2022-06-04,531292,2.05,84.21539725170068,0
2022-06-05,549304,2.05,84.21539725170068,0
2022-06-06,511356,2.05,84.21539725170068,0
2022-06-07,713666,2.05,84.21539725170068,0
2022-06-08,759559,2.05,84.21539725170068,0
2022-06-09,737789,2.05,84.21539725170068,0
2022-06-10,735659,2.05,84.21539725170068,0
2022-06-11,583225,2.05,77.4559070340136,0
2022-06-12,472680,2.05,77.4559070340136,0
2022-06-13,673289,2.05,77.4559070340136,0
2022-06-14,723036,2.05,77.4559070340136,0
2022-06-15,698464,2.05,77.4559070340136,0
2022-06-16,741274,2.05,77.4559070340136,0
2022-06-17,802630,2.05,77.4559070340136,0
2022-06-18,647121,2.05,77.4559070340136,0
2022-06-19,620205,2.05,77.4559070340136,0
2022-06-20,783527,2.05,77.4559070340136,0
2022-06-21,808775,2.05,79.39454221088435,0
2022-06-22,815760,2.05,79.39454221088435,0
2022-06-23,822874,2.05,79.39454221088435,0
2022-06-24,853310,2.05,79.39454221088435,0
2022-06-25,736750,2.05,79.39454221088435,0
2022-06-26,653305,2.05,79.39454221088435,0
2022-06-27,808646,2.05,79.39454221088435,0
2022-06-28,820265,2.05,79.39454221088435,0
2022-06-29,839418,2.05,79.39454221088435,0
2022-06-30,841371,2.05,79.39454221088435,0
2022-07-01,891650,2.05,51.51447759863945,0
2022-07-02,751972,2.05,51.51447759863945,0
2022-07-03,680400,2.05,51.51447759863945,0
2022-07-04,819766,2.05,51.51447759863945,0
2022-07-05,840472,2.05,51.51447759863945,0
2022-07-06,860847,2.05,51.51447759863945,0
2022-07-07,856415,2.05,51.51447759863945,0
2022-07-08,861944,2.05,51.51447759863945,0
2022-07-09,642361,2.05,51.51447759863945,0
2022-07-10,627709,2.05,51.51447759863945,0
2022-07-11,569625,2.05,59.65009521768707,0
2022-07-12,879389,2.05,59.65009521768707,0
2022-07-13,829569,2.05,59.65009521768707,0
2022-07-14,833509,2.05,59.65009521768707,0
2022-07-15,854498,2.05,59.65009521768707,0
2022-07-16,538767,2.05,59.65009521768707,0
2022-07-17,453522,2.05,59.65009521768707,0
2022-07-18,722835,2.05,59.65009521768707,0
2022-07-19,741182,2.05,59.65009521768707,0
2022-07-20,756991,2.05,59.65009521768707,0
2022-07-21,748079,2.05,84.53817279591837,0
2022-07-22,751963,2.05,84.53817279591837,0
2022-07-23,513599,2.05,84.53817279591837,0
2022-07-24,443463,2.05,84.53817279591837,0
2022-07-25,730005,2.05,84.53817279591837,0
2022-07-26,757442,2.05,84.53817279591837,0
2022-07-27,753264,2.05,84.53817279591837,0
2022-07-28,749442,2.05,84.53817279591837,0
2022-07-29,767744,2.05,84.53817279591837,0
2022-07-30,547890,2.05,84.53817279591837,0
2022-07-31,488080,2.05,84.53817279591837,0
2022-08-01,751605,2.05,72.35984806802722,0
2022-08-02,767471,2.05,72.35984806802722,0
2022-08-03,774169,2.05,72.35984806802722,0
2022-08-04,791557,2.05,72.35984806802722,0
2022-08-05,811079,2.05,72.35984806802722,0
2022-08-06,598319,2.05,72.35984806802722,0
2022-08-07,543624,2.05,72.35984806802722,0
2022-08-08,784684,2.05,72.35984806802722,0
2022-08-09,804742,2.05,72.35984806802722,0
2022-08-10,820131,2.05,72.35984806802722,0
2022-08-11,803945,2.05,54.700970115646264,0
2022-08-12,808600,2.05,54.700970115646264,0
2022-08-13,577956,2.05,54.700970115646264,0
2022-08-14,528083,2.05,54.700970115646264,0
2022-08-15,759013,2.05,54.700970115646264,0
2022-08-16,785305,2.05,54.700970115646264,0
2022-08-17,793036,2.05,54.700970115646264,0
2022-08-18,800633,2.05,54.700970115646264,0
2022-08-19,793871,2.05,54.700970115646264,0
2022-08-20,525957,2.05,54.700970115646264,0
2022-08-21,471545,2.05,105.0167349047619,0
2022-08-22,755653,2.05,105.0167349047619,0
2022-08-23,787602,2.05,105.0167349047619,0
2022-08-24,802428,2.05,105.0167349047619,0
2022-08-25,790094,2.05,105.0167349047619,0
2022-08-26,810047,2.05,105.0167349047619,0
2022-08-27,553750,2.05,105.0167349047619,0
2022-08-28,489172,2.05,105.0167349047619,0
2022-08-29,780307,2.05,105.0167349047619,0
2022-08-30,856196,2.05,105.0167349047619,0
2022-08-31,761028,2.05,105.0167349047619,0
2022-09-01,798558,2.05,84.20799807482993,0
2022-09-02,814539,2.05,84.20799807482993,0
2022-09-03,568826,2.05,84.20799807482993,0
2022-09-04,524008,2.05,84.20799807482993,0
2022-09-05,805254,2.05,84.20799807482993,0
2022-09-06,840202,2.05,84.20799807482993,0
2022-09-07,868182,2.05,84.20799807482993,0
2022-09-08,856578,2.05,84.20799807482993,0
2022-09-09,833971,2.05,84.20799807482993,0
2022-09-10,668768,2.05,84.20799807482993,0
2022-09-11,501607,2.05,81.68283091156462,0
2022-09-12,806858,2.05,81.68283091156462,0
2022-09-13,829769,2.05,81.68283091156462,0
2022-09-14,836409,2.05,81.68283091156462,0
2022-09-15,859348,2.05,81.68283091156462,0
2022-09-16,568652,2.05,81.68283091156462,0
2022-09-17,533350,2.05,81.68283091156462,0
2022-09-18,471806,2.05,81.68283091156462,0
2022-09-19,778140,2.05,81.68283091156462,0
2022-09-20,815742,2.05,81.68283091156462,0
2022-09-21,827163,2.05,70.44736818367348,0
2022-09-22,813604,2.05,70.44736818367348,0
2022-09-23,827692,2.05,70.44736818367348,0
2022-09-24,573138,2.05,70.44736818367348,0
2022-09-25,491177,2.05,70.44736818367348,0
2022-09-26,766919,2.05,70.44736818367348,0
2022-09-27,816282,2.05,70.44736818367348,0
2022-09-28,824940,2.05,70.44736818367348,0
2022-09-29,819500,2.05,70.44736818367348,0
2022-09-30,827601,2.05,70.44736818367348,0
2022-10-01,590936,2.05,120.0786407414966,0
2022-10-02,527165,2.05,120.0786407414966,0
2022-10-03,817930,2.05,120.0786407414966,0
2022-10-04,844298,2.05,120.0786407414966,0
2022-10-05,857448,2.05,120.0786407414966,0
2022-10-06,854323,2.05,120.0786407414966,0
2022-10-07,854918,2.05,120.0786407414966,0
2022-10-08,605814,2.05,120.0786407414966,0
2022-10-09,567566,2.05,120.0786407414966,0
2022-10-10,499918,2.05,120.0786407414966,0
2022-10-11,838679,2.05,123.77088654421769,0
2022-10-12,839675,2.05,123.77088654421769,0
2022-10-13,846175,2.05,123.77088654421769,0
2022-10-14,849097,2.05,123.77088654421769,0
2022-10-15,562235,2.05,123.77088654421769,0
2022-10-16,510313,2.05,123.77088654421769,0
2022-10-17,818652,2.05,123.77088654421769,0
2022-10-18,845592,2.05,123.77088654421769,0
2022-10-19,864859,2.05,123.77088654421769,0
2022-10-20,867448,2.05,123.77088654421769,0
2022-10-21,885204,2.05,180.83779553741496,0
2022-10-22,634979,2.05,180.83779553741496,0
2022-10-23,621157,2.05,180.83779553741496,0
2022-10-24,524771,2.05,180.83779553741496,0
2022-10-25,760367,2.05,180.83779553741496,0
2022-10-26,772591,2.05,180.83779553741496,0
2022-10-27,793212,2.05,180.83779553741496,0
2022-10-28,801795,2.05,180.83779553741496,0
2022-10-29,560541,2.05,180.83779553741496,0
2022-10-30,481098,2.05,180.83779553741496,0
2022-10-31,783892,2.05,180.83779553741496,0
2022-11-01,828743,2.05,132.77931731292517,0
2022-11-02,828388,2.05,132.77931731292517,0
2022-11-03,834098,2.05,132.77931731292517,0
2022-11-04,843407,2.05,132.77931731292517,0
2022-11-05,573231,2.05,132.77931731292517,0
2022-11-06,511113,2.05,132.77931731292517,0
2022-11-07,794769,2.05,132.77931731292517,0
2022-11-08,767909,2.05,132.77931731292517,0
2022-11-09,671906,2.05,132.77931731292517,0
2022-11-10,642946,2.05,132.77931731292517,0
2022-11-11,658670,2.05,143.27848672108846,0
2022-11-12,469400,2.05,143.27848672108846,0
2022-11-13,422782,2.05,143.27848672108846,0
2022-11-14,731619,2.05,143.27848672108846,0
2022-11-15,803527,2.05,143.27848672108846,0
2022-11-16,862729,2.05,143.27848672108846,0
2022-11-17,839062,2.05,143.27848672108846,0
2022-11-18,494897,2.05,143.27848672108846,0
2022-11-19,434733,2.05,143.27848672108846,0
2022-11-20,460634,2.05,143.27848672108846,0
2022-11-21,735344,2.05,97.42999675510204,0
2022-11-22,815789,2.05,97.42999675510204,0
2022-11-23,834824,2.05,97.42999675510204,0
2022-11-24,835866,2.05,97.42999675510204,0
2022-11-25,839437,2.05,97.42999675510204,0
2022-11-26,624037,2.05,97.42999675510204,0
2022-11-27,527519,2.05,97.42999675510204,0
2022-11-28,483000,2.05,97.42999675510204,0
2022-11-29,753437,2.05,97.42999675510204,0
2022-11-30,844596,2.05,97.42999675510204,0
2022-12-01,854484,2.05,185.45649997278912,0
2022-12-02,867377,2.05,185.45649997278912,0
2022-12-03,642541,2.05,185.45649997278912,0
2022-12-04,548499,2.05,185.45649997278912,0
2022-12-05,820673,2.05,185.45649997278912,0
2022-12-06,847795,2.05,185.45649997278912,0
2022-12-07,863929,2.05,185.45649997278912,0
2022-12-08,859499,2.05,185.45649997278912,0
2022-12-09,871235,2.05,185.45649997278912,0
2022-12-10,610277,2.05,185.45649997278912,0
2022-12-11,580710,2.05,201.92327150340137,0
2022-12-12,759713,2.05,201.92327150340137,0
2022-12-13,846144,2.05,201.92327150340137,0
2022-12-14,852375,2.05,201.92327150340137,0
2022-12-15,850587,2.05,201.92327150340137,0
2022-12-16,851421,2.05,201.92327150340137,0
2022-12-17,690120,2.05,201.92327150340137,0
2022-12-18,639069,2.05,201.92327150340137,0
2022-12-19,802435,2.05,201.92327150340137,0
2022-12-20,830584,2.05,201.92327150340137,0
2022-12-21,835788,2.05,87.12915268027211,0
2022-12-22,815604,2.05,87.12915268027211,0
2022-12-23,833264,2.05,87.12915268027211,0
2022-12-24,689708,2.05,87.12915268027211,0
2022-12-25,684639,2.05,87.12915268027211,0
2022-12-26,550843,2.05,87.12915268027211,0
2022-12-27,763265,2.05,87.12915268027211,0
2022-12-28,780389,2.05,87.12915268027211,0
2022-12-29,774271,2.05,87.12915268027211,0
2022-12-30,780845,2.05,87.12915268027211,0
2022-12-31,721076,2.05,87.12915268027211,0
2023-01-01,626393,2.05,100.50590273469388,0
2023-01-02,487546,2.05,100.50590273469388,0
2023-01-03,878989,2.05,100.50590273469388,0
2023-01-04,849870,2.05,100.50590273469388,0
2023-01-05,841678,2.05,100.50590273469388,0
2023-01-06,850529,2.05,100.50590273469388,0
2023-01-07,626763,2.05,100.50590273469388,0
2023-01-08,510886,2.05,100.50590273469388,0
2023-01-09,848693,2.05,100.50590273469388,0
2023-01-10,879672,2.05,100.50590273469388,0
2023-01-11,902507,2.05,77.29546417687075,0
2023-01-12,895280,2.05,77.29546417687075,0
2023-01-13,895628,2.05,77.29546417687075,0
2023-01-14,604564,2.05,77.29546417687075,0
2023-01-15,560712,2.05,77.29546417687075,0
2023-01-16,852977,2.05,77.29546417687075,0
2023-01-17,898074,2.05,77.29546417687075,0
2023-01-18,911971,2.05,77.29546417687075,0
2023-01-19,909453,2.05,77.29546417687075,0
2023-01-20,807821,2.05,77.29546417687075,0
2023-01-21,528309,2.05,209.65401914285712,0
2023-01-22,586085,2.05,209.65401914285712,0
2023-01-23,563332,2.05,209.65401914285712,0
2023-01-24,481934,2.05,209.65401914285712,0
2023-01-25,702620,2.05,209.65401914285712,0
2023-01-26,724563,2.05,209.65401914285712,0
2023-01-27,755777,2.05,209.65401914285712,0
2023-01-28,575155,2.05,209.65401914285712,0
2023-01-29,504475,2.05,209.65401914285712,0
2023-01-30,811320,2.05,209.65401914285712,0
2023-01-31,857505,2.05,209.65401914285712,0
2023-02-01,594363,2.05,104.25021894557823,0
2023-02-02,874190,2.05,104.25021894557823,0
2023-02-03,888943,2.05,104.25021894557823,0
2023-02-04,599269,2.05,104.25021894557823,0
2023-02-05,579003,2.05,104.25021894557823,0
2023-02-06,469537,2.05,104.25021894557823,0
2023-02-07,874311,2.05,104.25021894557823,0
2023-02-08,888160,2.05,104.25021894557823,0
2023-02-09,880869,2.05,104.25021894557823,0
2023-02-10,886257,2.05,104.25021894557823,0
2023-02-11,633442,2.05,72.0078332707483,0
2023-02-12,552917,2.05,72.0078332707483,0
2023-02-13,871675,2.05,72.0078332707483,0
2023-02-14,920700,2.05,72.0078332707483,0
2023-02-15,907404,2.05,72.0078332707483,0
2023-02-16,899539,2.05,72.0078332707483,0
2023-02-17,894771,2.05,72.0078332707483,0
2023-02-18,596459,2.05,72.0078332707483,0
2023-02-19,544563,2.05,72.0078332707483,0
2023-02-20,852721,2.05,72.0078332707483,0
2023-02-21,880255,2.05,75.36711462380953,0
2023-02-22,893508,2.05,75.36711462380953,0
2023-02-23,881149,2.05,75.36711462380953,0
2023-02-24,883416,2.05,75.36711462380953,0
2023-02-25,628021,2.05,75.36711462380953,0
2023-02-26,563949,2.05,75.36711462380953,0
2023-02-27,837022,2.05,75.36711462380953,0
2023-02-28,878938,2.05,75.36711462380953,0
2023-03-01,921848,2.05,94.6432325510204,0
2023-03-02,918379,2.05,94.6432325510204,0
2023-03-03,912554,2.05,94.6432325510204,0
2023-03-04,748856,2.05,94.6432325510204,0
2023-03-05,630819,2.05,94.6432325510204,0
2023-03-06,904593,2.05,94.6432325510204,0
2023-03-07,939093,2.05,94.6432325510204,0
2023-03-08,966573,2.05,94.6432325510204,0
2023-03-09,945582,2.05,94.6432325510204,0
2023-03-10,944195,2.05,94.6432325510204,0
2023-03-11,673288,2.05,40.15426124285714,0
2023-03-12,634160,2.05,40.15426124285714,0
2023-03-13,910730,2.05,40.15426124285714,0
2023-03-14,961936,2.05,40.15426124285714,0
2023-03-15,989941,2.05,40.15426124285714,0
2023-03-16,1015697,2.05,40.15426124285714,0
2023-03-17,1054416,2.05,40.15426124285714,0
2023-03-18,833788,2.05,40.15426124285714,0
2023-03-19,767206,2.05,40.15426124285714,0
2023-03-20,1001402,2.05,40.15426124285714,0
2023-03-21,1054744,2.05,76.53100774353742,0
2023-03-22,1079046,2.05,76.53100774353742,0
2023-03-23,961794,2.05,76.53100774353742,0
2023-03-24,975882,2.05,76.53100774353742,0
2023-03-25,636781,2.05,76.53100774353742,0
2023-03-26,620839,2.05,76.53100774353742,0
2023-03-27,944259,2.05,76.53100774353742,0
2023-03-28,984035,2.05,76.53100774353742,0
2023-03-29,994897,2.05,76.53100774353742,0
2023-03-30,997075,2.05,76.53100774353742,0
2023-03-31,1021747,2.05,76.53100774353742,0
2023-04-01,616548,2.05,72.11749173809523,0
2023-04-02,555377,2.05,72.11749173809523,0
2023-04-03,932584,2.05,72.11749173809523,0
2023-04-04,969924,2.05,72.11749173809523,0
2023-04-05,974515,2.05,72.11749173809523,0
2023-04-06,989463,2.05,72.11749173809523,0
2023-04-07,982500,2.05,72.11749173809523,0
2023-04-08,671023,2.05,72.11749173809523,0
2023-04-09,635718,2.05,72.11749173809523,0
2023-04-10,962519,2.05,72.11749173809523,0
2023-04-11,993365,2.05,48.96482486394557,0
2023-04-12,1000157,2.05,48.96482486394557,0
2023-04-13,991015,2.05,48.96482486394557,0
2023-04-14,998054,2.05,48.96482486394557,0
2023-04-15,690497,2.05,48.96482486394557,0
2023-04-16,620371,2.05,48.96482486394557,0
2023-04-17,958748,2.05,48.96482486394557,0
2023-04-18,1002658,2.05,48.96482486394557,0
2023-04-19,958771,2.05,48.96482486394557,0
2023-04-20,830223,2.05,48.96482486394557,0
2023-04-21,694096,2.05,65.76563482312925,0
2023-04-22,641863,2.05,65.76563482312925,0
2023-04-23,700040,2.05,65.76563482312925,0
2023-04-24,553558,2.05,65.76563482312925,0
2023-04-25,733214,2.05,65.76563482312925,0
2023-04-26,792273,2.05,65.76563482312925,0
2023-04-27,824694,2.05,65.76563482312925,0
2023-04-28,833703,2.05,65.76563482312925,0
2023-04-29,624222,2.05,65.76563482312925,0
2023-04-30,617186,2.05,65.76563482312925,0
2023-05-01,597218,2.05,81.78477297959184,0
2023-05-02,956010,2.05,81.78477297959184,0
2023-05-03,973725,2.05,81.78477297959184,0
2023-05-04,593541,2.05,81.78477297959184,0
2023-05-05,907123,2.05,81.78477297959184,0
2023-05-06,644434,2.05,81.78477297959184,0
2023-05-07,594872,2.05,81.78477297959184,0
2023-05-08,951572,2.05,81.78477297959184,0
2023-05-09,985792,2.05,81.78477297959184,0
2023-05-10,998967,2.05,81.78477297959184,0
2023-05-11,991644,2.05,66.7563979387755,0
2023-05-12,1006380,2.05,66.7563979387755,0
2023-05-13,686137,2.05,66.7563979387755,0
2023-05-14,616356,2.05,66.7563979387755,0
2023-05-15,966017,2.05,66.7563979387755,0
2023-05-16,996225,2.05,66.7563979387755,0
2023-05-17,1009742,2.05,66.7563979387755,0
2023-05-18,987532,2.05,66.7563979387755,0
2023-05-19,982049,2.05,66.7563979387755,0
2023-05-20,706463,2.05,66.7563979387755,0
2023-05-21,615808,2.05,73.33472594557823,0
2023-05-22,949730,2.05,73.33472594557823,0
2023-05-23,977576,2.05,73.33472594557823,0
2023-05-24,987328,2.05,73.33472594557823,0
2023-05-25,987817,2.05,73.33472594557823,0
2023-05-26,1013310,2.05,73.33472594557823,0
2023-05-27,778629,2.05,73.33472594557823,0
2023-05-28,694956,2.05,73.33472594557823,0
2023-05-29,1000758,2.05,73.33472594557823,0
2023-05-30,1037539,2.05,73.33472594557823,0
2023-05-31,1062437,2.05,73.33472594557823,0
2023-06-01,1066494,2.05,69.99408934013606,0
2023-06-02,1036793,2.05,69.99408934013606,0
2023-06-03,805948,2.05,69.99408934013606,0
2023-06-04,764066,2.05,69.99408934013606,0
2023-06-05,612284,2.05,69.99408934013606,0
2023-06-06,1004787,2.05,69.99408934013606,0
2023-06-07,1024177,2.05,69.99408934013606,0
2023-06-08,1037516,2.05,69.99408934013606,0
2023-06-09,1015105,2.05,69.99408934013606,0
2023-06-10,721817,2.05,69.99408934013606,0
2023-06-11,652468,2.05,42.96774919047619,0
2023-06-12,974472,2.05,42.96774919047619,0
2023-06-13,1009998,2.05,42.96774919047619,0
2023-06-14,1019490,2.05,42.96774919047619,0
2023-06-15,1020952,2.05,42.96774919047619,0
2023-06-16,1010429,2.05,42.96774919047619,0
2023-06-17,695391,2.05,42.96774919047619,0
2023-06-18,626231,2.05,42.96774919047619,0
2023-06-19,969621,2.05,42.96774919047619,0
2023-06-20,1007827,2.05,42.96774919047619,0
2023-06-21,1013529,2.05,62.346314013605436,0
2023-06-22,1004625,2.05,62.346314013605436,0
2023-06-23,999902,2.05,62.346314013605436,0
2023-06-24,691806,2.05,62.346314013605436,0
2023-06-25,609070,2.05,62.346314013605436,0
2023-06-26,952527,2.05,62.346314013605436,0
2023-06-27,1050868,2.05,62.346314013605436,0
2023-06-28,998521,2.05,62.346314013605436,0
2023-06-29,649905,2.05,62.346314013605436,0
2023-06-30,838300,2.05,62.346314013605436,0
2023-07-01,652366,2.05,88.3972285510204,0
2023-07-02,596039,2.05,88.3972285510204,0
2023-07-03,980461,2.05,88.3972285510204,0
2023-07-04,1030339,2.05,88.3972285510204,0
2023-07-05,1051752,2.05,88.3972285510204,0
2023-07-06,1044334,2.05,88.3972285510204,0
2023-07-07,1035585,2.05,88.3972285510204,0
2023-07-08,740502,2.05,88.3972285510204,0
2023-07-09,656684,2.05,88.3972285510204,0
2023-07-10,1020146,2.05,88.3972285510204,0
2023-07-11,1052462,2.05,78.76146248979592,0
2023-07-12,1066871,2.05,78.76146248979592,0
2023-07-13,1056816,2.05,78.76146248979592,0
2023-07-14,1047647,2.05,78.76146248979592,0
2023-07-15,752688,2.05,78.76146248979592,0
2023-07-16,635384,2.05,78.76146248979592,0
2023-07-17,1010685,2.05,78.76146248979592,0
2023-07-18,1057543,2.05,78.76146248979592,0
2023-07-19,615333,2.05,78.76146248979592,0
2023-07-20,1034205,2.05,78.76146248979592,0
2023-07-21,1019548,2.05,69.87976365986395,0
2023-07-22,673765,2.05,69.87976365986395,0
2023-07-23,590939,2.05,69.87976365986395,0
2023-07-24,998450,2.05,69.87976365986395,0
2023-07-25,1044158,2.05,69.87976365986395,0
2023-07-26,1061133,2.05,69.87976365986395,0
2023-07-27,1050186,2.05,69.87976365986395,0
2023-07-28,1062381,2.05,69.87976365986395,0
2023-07-29,768739,2.05,69.87976365986395,0
2023-07-30,637795,2.05,69.87976365986395,0
2023-07-31,1011351,2.05,69.87976365986395,0
2023-08-01,1059949,2.05,53.33639938095238,0
2023-08-02,1076477,2.05,53.33639938095238,0
2023-08-03,1056405,2.05,53.33639938095238,0
2023-08-04,1050118,2.05,53.33639938095238,0
2023-08-05,748179,2.05,53.33639938095238,0
2023-08-06,671219,2.05,53.33639938095238,0
2023-08-07,1031481,2.05,53.33639938095238,0
2023-08-08,1068106,2.05,53.33639938095238,0
2023-08-09,1085032,2.05,53.33639938095238,0
2023-08-10,1082858,2.05,53.33639938095238,0
2023-08-11,1044056,2.05,90.78976514965987,0
2023-08-12,656259,2.05,90.78976514965987,0
2023-08-13,657897,2.05,90.78976514965987,0
2023-08-14,924742,2.05,90.78976514965987,0
2023-08-15,1074899,2.05,90.78976514965987,0
2023-08-16,1078518,2.05,90.78976514965987,0
2023-08-17,1064994,2.05,90.78976514965987,0
2023-08-18,1054196,2.05,90.78976514965987,0
2023-08-19,722966,2.05,90.78976514965987,0
2023-08-20,639474,2.05,90.78976514965987,0
2023-08-21,1015457,2.05,76.38225199319729,0
2023-08-22,1055882,2.05,76.38225199319729,0
2023-08-23,1078017,2.05,76.38225199319729,0
2023-08-24,1059998,2.05,76.38225199319729,0
2023-08-25,1077640,2.05,76.38225199319729,0
2023-08-26,750291,2.05,76.38225199319729,0
2023-08-27,663037,2.05,76.38225199319729,0
2023-08-28,983441,2.05,76.38225199319729,0
2023-08-29,1073558,2.05,76.38225199319729,0
2023-08-30,1176751,2.05,76.38225199319729,0
2023-08-31,904604,2.05,76.38225199319729,0
2023-09-01,963602,2.05,82.36212666666667,0
2023-09-02,724681,2.05,82.36212666666667,0
2023-09-03,639923,2.05,82.36212666666667,0
2023-09-04,1014383,2.05,82.36212666666667,0
2023-09-05,1076588,2.05,82.36212666666667,0
2023-09-06,1092348,2.05,82.36212666666667,0
2023-09-07,1090273,2.05,82.36212666666667,0
2023-09-08,1075198,2.05,82.36212666666667,0
2023-09-09,778550,2.05,82.36212666666667,0
2023-09-10,714128,2.05,82.36212666666667,0
2023-09-11,1048064,2.05,70.0458825170068,0
2023-09-12,1094691,2.05,70.0458825170068,0
2023-09-13,1107007,2.05,70.0458825170068,0
2023-09-14,1093127,2.05,70.0458825170068,0
2023-09-15,1094866,2.05,70.0458825170068,0
2023-09-16,819788,2.05,70.0458825170068,0
2023-09-17,660673,2.05,70.0458825170068,0
2023-09-18,1050379,2.05,70.0458825170068,0
2023-09-19,1102907,2.05,70.0458825170068,0
2023-09-20,1109097,2.05,70.0458825170068,0
2023-09-21,1093946,2.05,90.69232617006803,0
2023-09-22,1081647,2.05,90.69232617006803,0
2023-09-23,727033,2.05,90.69232617006803,0
2023-09-24,641382,2.05,90.69232617006803,0
2023-09-25,1053074,2.05,90.69232617006803,0
2023-09-26,1100126,2.05,90.69232617006803,0
2023-09-27,1146982,2.05,90.69232617006803,0
2023-09-28,691399,2.05,90.69232617006803,0
2023-09-29,1029364,2.05,90.69232617006803,0
2023-09-30,778170,2.05,90.69232617006803,0
2023-10-01,699160,2.05,50.01875821088435,0
2023-10-02,1071195,2.05,50.01875821088435,0
2023-10-03,1129601,2.05,50.01875821088435,0
2023-10-04,1141105,2.05,50.01875821088435,0
2023-10-05,1141855,2.05,50.01875821088435,0
2023-10-06,1150454,2.05,50.01875821088435,0
2023-10-07,809552,2.05,50.01875821088435,0
2023-10-08,744161,2.05,50.01875821088435,0
2023-10-09,1110090,2.05,50.01875821088435,0
2023-10-10,1140050,2.05,50.01875821088435,0
2023-10-11,1151387,2.05,86.39197934013605,0
2023-10-12,1145226,2.05,86.39197934013605,0
2023-10-13,1213671,2.05,86.39197934013605,0
2023-10-14,792168,2.05,86.39197934013605,0
2023-10-15,707760,2.05,86.39197934013605,0
2023-10-16,1113346,2.05,86.39197934013605,0
2023-10-17,1174722,2.05,86.39197934013605,0
2023-10-18,1168557,2.05,86.39197934013605,0
2023-10-19,1162324,2.05,86.39197934013605,0
2023-10-20,1168207,2.05,86.39197934013605,0
2023-10-21,781170,2.05,99.10527882312925,0
2023-10-22,719681,2.05,99.10527882312925,0
2023-10-23,1111900,2.05,99.10527882312925,0
2023-10-24,1160466,2.05,99.10527882312925,0
2023-10-25,1167693,2.05,99.10527882312925,0
2023-10-26,1164619,2.05,99.10527882312925,0
2023-10-27,1166068,2.05,99.10527882312925,0
2023-10-28,831122,2.05,99.10527882312925,0
2023-10-29,704081,2.05,99.10527882312925,0
2023-10-30,1101574,2.05,99.10527882312925,0
2023-10-31,1145063,2.05,99.10527882312925,0
2023-11-01,1171142,2.05,85.26481097959183,0
2023-11-02,1164562,2.05,85.26481097959183,0
2023-11-03,1170150,2.05,85.26481097959183,0
2023-11-04,818834,2.05,85.26481097959183,0
2023-11-05,734367,2.05,85.26481097959183,0
2023-11-06,1123548,2.05,85.26481097959183,0
2023-11-07,1176019,2.05,85.26481097959183,0
2023-11-08,1204539,2.05,85.26481097959183,0
2023-11-09,1211181,2.05,85.26481097959183,0
2023-11-10,1218667,2.05,85.26481097959183,0
2023-11-11,889524,2.05,123.98848640816327,0
2023-11-12,918163,2.05,123.98848640816327,0
2023-11-13,744161,2.05,123.98848640816327,0
2023-11-14,1074282,2.05,123.98848640816327,0
2023-11-15,1137724,2.05,123.98848640816327,0
2023-11-16,1150747,2.05,123.98848640816327,0
2023-11-17,1125108,2.05,123.98848640816327,0
2023-11-18,790524,2.05,123.98848640816327,0
2023-11-19,701200,2.05,123.98848640816327,0
2023-11-20,1127727,2.05,123.98848640816327,0
2023-11-21,1176516,2.05,159.7772403197279,0
2023-11-22,1293834,2.05,159.7772403197279,0
2023-11-23,1195195,2.05,159.7772403197279,0
2023-11-24,1211273,2.05,159.7772403197279,0
2023-11-25,833829,2.05,159.7772403197279,0
2023-11-26,745901,2.05,159.7772403197279,0
2023-11-27,1135640,2.05,159.7772403197279,0
2023-11-28,1179215,2.05,159.7772403197279,0
2023-11-29,1209104,2.05,159.7772403197279,0
2023-11-30,1190554,2.05,159.7772403197279,0
2023-12-01,1215901,2.05,128.41646424489795,0
2023-12-02,906550,2.05,128.41646424489795,0
2023-12-03,822742,2.05,128.41646424489795,0
2023-12-04,1143015,2.05,128.41646424489795,0
2023-12-05,1172418,2.05,128.41646424489795,0
2023-12-06,1197616,2.05,128.41646424489795,0
2023-12-07,1198713,2.05,128.41646424489795,0
2023-12-08,1322400,2.05,128.41646424489795,0
2023-12-09,921973,2.05,128.41646424489795,0
2023-12-10,883857,2.05,128.41646424489795,0
2023-12-11,1087409,2.05,118.16454644897959,0
2023-12-12,1168643,2.05,118.16454644897959,0
2023-12-13,1168765,2.05,118.16454644897959,0
2023-12-14,1152341,2.05,118.16454644897959,0
2023-12-15,1169043,2.05,118.16454644897959,0
2023-12-16,856589,2.05,118.16454644897959,0
2023-12-17,818553,2.05,118.16454644897959,0
2023-12-18,1118995,2.05,118.16454644897959,0
2023-12-19,1142837,2.05,118.16454644897959,0
2023-12-20,1159487,2.05,118.16454644897959,0
2023-12-21,1134571,2.05,165.6802241632653,0
2023-12-22,1118145,2.05,165.6802241632653,0
2023-12-23,924698,2.05,165.6802241632653,0
2023-12-24,968675,2.05,165.6802241632653,0
2023-12-25,845671,2.05,165.6802241632653,0
2023-12-26,1005940,2.05,165.6802241632653,0
2023-12-27,1046799,2.05,165.6802241632653,0
2023-12-28,1039918,2.05,165.6802241632653,0
2023-12-29,1034234,2.05,165.6802241632653,0
2023-12-30,826495,2.05,165.6802241632653,0
2023-12-31,1078119,2.05,165.6802241632653,0
2024-01-01,781498,2.05,107.52131348979593,0
2024-01-02,1122204,2.05,107.52131348979593,0
2024-01-03,1143956,2.05,107.52131348979593,0
2024-01-04,1132098,2.05,107.52131348979593,0
2024-01-05,1135152,2.05,107.52131348979593,0
2024-01-06,766317,2.05,107.52131348979593,0
2024-01-07,672251,2.05,107.52131348979593,0
2024-01-08,1138841,2.05,107.52131348979593,0
2024-01-09,1182531,2.05,107.52131348979593,0
2024-01-10,1186733,2.05,107.52131348979593,0
2024-01-11,1182915,2.05,113.18997809319727,0
2024-01-12,1201088,2.05,113.18997809319727,0
2024-01-13,842384,2.05,113.18997809319727,0
2024-01-14,742263,2.05,113.18997809319727,0
2024-01-15,1142744,2.05,113.18997809319727,0
2024-01-16,1186941,2.05,113.18997809319727,0
2024-01-17,1201447,2.05,113.18997809319727,0
2024-01-18,1190563,2.05,113.18997809319727,0
2024-01-19,1201116,2.05,113.18997809319727,0
2024-01-20,826123,2.05,113.18997809319727,0
2024-01-21,737239,2.05,83.8511877414966,0
2024-01-22,1166939,2.05,83.8511877414966,0
2024-01-23,1224781,2.05,83.8511877414966,0
2024-01-24,1310316,2.05,83.8511877414966,0
2024-01-25,831545,2.05,83.8511877414966,0
2024-01-26,1136469,2.05,83.8511877414966,0
2024-01-27,813930,2.05,83.8511877414966,0
2024-01-28,725280,2.05,83.8511877414966,0
2024-01-29,1174516,2.05,83.8511877414966,0
2024-01-30,1207918,2.05,83.8511877414966,0
2024-01-31,1243151,2.05,83.8511877414966,0
2024-02-01,835404,2.05,50.28788770068027,0
2024-02-02,1179876,2.05,50.28788770068027,0
2024-02-03,883661,2.05,50.28788770068027,0
2024-02-04,774459,2.05,50.28788770068027,0
2024-02-05,1201051,2.05,50.28788770068027,0
2024-02-06,1247118,2.05,50.28788770068027,0
2024-02-07,1281499,2.05,50.28788770068027,0
2024-02-08,1186316,2.05,50.28788770068027,0
2024-02-09,1013495,2.05,50.28788770068027,0
2024-02-10,943751,2.05,50.28788770068027,0
2024-02-11,943767,2.05,49.924346197278915,0
2024-02-12,801535,2.05,49.924346197278915,0
2024-02-13,1037424,2.05,49.924346197278915,0
2024-02-14,1100044,2.05,49.924346197278915,0
2024-02-15,1105480,2.05,49.924346197278915,0
2024-02-16,1089910,2.05,49.924346197278915,0
2024-02-17,773517,2.05,49.924346197278915,0
2024-02-18,718517,2.05,49.924346197278915,0
2024-02-19,1172233,2.05,49.924346197278915,0
2024-02-20,1214761,2.05,49.924346197278915,0
2024-02-21,1237026,2.05,24.339047052380952,0
2024-02-22,1226227,2.05,24.339047052380952,0
2024-02-23,1219986,2.05,24.339047052380952,0
2024-02-24,922117,2.05,24.339047052380952,0
2024-02-25,809784,2.05,24.339047052380952,0
2024-02-26,1196823,2.05,24.339047052380952,0
2024-02-27,1237887,2.05,24.339047052380952,0
2024-02-28,1261353,2.05,24.339047052380952,0
2024-02-29,1259911,2.05,24.339047052380952,0
2024-03-01,1259771,2.05,62.74878733129252,0
2024-03-02,939333,2.05,62.74878733129252,0
2024-03-03,877445,2.05,62.74878733129252,0
2024-03-04,1234452,2.05,62.74878733129252,0
2024-03-05,1284978,2.05,62.74878733129252,0
2024-03-06,1310993,2.05,62.74878733129252,0
2024-03-07,1297272,2.05,62.74878733129252,0
2024-03-08,1296072,2.05,62.74878733129252,0
2024-03-09,943384,2.05,62.74878733129252,0
2024-03-10,876197,2.05,62.74878733129252,0
2024-03-11,1271190,2.05,18.18581882585034,0
2024-03-12,1201385,2.05,18.18581882585034,0
2024-03-13,1229434,2.05,18.18581882585034,0
2024-03-14,1229474,2.05,18.18581882585034,0
2024-03-15,1210601,2.05,18.18581882585034,0
2024-03-16,752583,2.05,18.18581882585034,0
2024-03-17,685722,2.05,18.18581882585034,0
2024-03-18,1201166,2.05,18.18581882585034,0
2024-03-19,1220720,2.05,18.18581882585034,0
2024-03-20,1232810,2.05,18.18581882585034,0
2024-03-21,1222896,2.05,53.628436045578226,0
2024-03-22,1242631,2.05,53.628436045578226,0
2024-03-23,794620,2.05,53.628436045578226,0
2024-03-24,710706,2.05,53.628436045578226,0
2024-03-25,1196871,2.05,53.628436045578226,0
2024-03-26,1238649,2.05,53.628436045578226,0
2024-03-27,1269853,2.05,53.628436045578226,0
2024-03-28,762614,2.05,53.628436045578226,0
2024-03-29,1156669,2.05,53.628436045578226,0
2024-03-30,802919,2.05,53.628436045578226,0
2024-03-31,717894,2.05,53.628436045578226,0
2024-04-01,1199962,2.05,49.24906732585034,0
2024-04-02,1233094,2.05,49.24906732585034,0
2024-04-03,1259527,2.05,49.24906732585034,0
2024-04-04,1239449,2.05,49.24906732585034,0
2024-04-05,1263654,2.05,49.24906732585034,0
2024-04-06,832922,2.05,49.24906732585034,0
2024-04-07,761318,2.05,49.24906732585034,0
2024-04-08,1015461,2.05,49.24906732585034,0
2024-04-09,978445,2.05,49.24906732585034,0
2024-04-10,906374,2.05,49.24906732585034,0
2024-04-11,887898,2.05,72.43296429931974,0
2024-04-12,905762,2.05,72.43296429931974,0
2024-04-13,733212,2.05,72.43296429931974,0
2024-04-14,707225,2.05,72.43296429931974,0
2024-04-15,1113139,2.05,72.43296429931974,0
2024-04-16,1177611,2.05,72.43296429931974,0
2024-04-17,1209665,2.05,72.43296429931974,0
2024-04-18,1207946,2.05,72.43296429931974,0
2024-04-19,1223825,2.05,72.43296429931974,0
2024-04-20,841079,2.05,72.43296429931974,0
2024-04-21,758808,2.05,63.07408566258503,0
2024-04-22,1206407,2.05,63.07408566258503,0
2024-04-23,1244656,2.05,63.07408566258503,0
2024-04-24,1251556,2.05,63.07408566258503,0
2024-04-25,1245544,2.05,63.07408566258503,0
2024-04-26,1262763,2.05,63.07408566258503,0
2024-04-27,898671,2.05,63.07408566258503,0
2024-04-28,791116,2.05,63.07408566258503,0
2024-04-29,1222069,2.05,63.07408566258503,0
2024-04-30,1287830,2.05,63.07408566258503,0
2024-05-01,835179,2.05,83.16482823809524,0
2024-05-02,1272269,2.05,83.16482823809524,0
2024-05-03,1277380,2.05,83.16482823809524,0
2024-05-04,911452,2.05,83.16482823809524,0
2024-05-05,829972,2.05,83.16482823809524,0
2024-05-06,1244194,2.05,83.16482823809524,0
2024-05-07,1264734,2.05,83.16482823809524,0
2024-05-08,1288788,2.05,83.16482823809524,0
2024-05-09,1280827,2.05,83.16482823809524,0
2024-05-10,1298232,2.05,83.16482823809524,0
2024-05-11,875021,2.05,89.25527410884354,0
2024-05-12,839507,2.05,89.25527410884354,0
2024-05-13,1245084,2.05,89.25527410884354,0
2024-05-14,1278942,2.05,89.25527410884354,0
2024-05-15,1284442,2.05,89.25527410884354,0
2024-05-16,1280140,2.05,89.25527410884354,0
2024-05-17,1285164,2.05,89.25527410884354,0
2024-05-18,885904,2.05,89.25527410884354,0
2024-05-19,803073,2.05,89.25527410884354,0
2024-05-20,1229102,2.05,89.25527410884354,0
2024-05-21,1280513,2.05,91.00263984353741,0
2024-05-22,790224,2.05,91.00263984353741,0
2024-05-23,1233655,2.05,91.00263984353741,0
2024-05-24,1288547,2.05,91.00263984353741,0
2024-05-25,955143,2.05,91.00263984353741,0
2024-05-26,877566,2.05,91.00263984353741,0
2024-05-27,1267910,2.05,91.00263984353741,0
2024-05-28,1313412,2.05,91.00263984353741,0
2024-05-29,1351074,2.05,91.00263984353741,0
2024-05-30,1333911,2.05,91.00263984353741,0
2024-05-31,1299732,2.05,91.00263984353741,0
2024-06-01,1017523,2.05,84.79549390476191,0
2024-06-02,952813,2.05,84.79549390476191,0
2024-06-03,784222,2.05,84.79549390476191,0
2024-06-04,1263289,2.05,84.79549390476191,0
2024-06-05,1258686,2.05,84.79549390476191,0
2024-06-06,1240745,2.05,84.79549390476191,0
2024-06-07,1254757,2.05,84.79549390476191,0
2024-06-08,910124,2.05,84.79549390476191,0
2024-06-09,846366,2.05,84.79549390476191,0
2024-06-10,1254913,2.05,84.79549390476191,0
2024-06-11,1298307,2.05,72.24036428571428,0
2024-06-12,1298646,2.05,72.24036428571428,0
2024-06-13,1297841,2.05,72.24036428571428,0
2024-06-14,1296195,2.05,72.24036428571428,0
2024-06-15,892757,2.05,72.24036428571428,0
2024-06-16,840385,2.05,72.24036428571428,0
2024-06-17,798117,2.05,72.24036428571428,0
2024-06-18,1200142,2.05,72.24036428571428,0
2024-06-19,1257194,2.05,72.24036428571428,0
2024-06-20,1245108,2.05,72.24036428571428,0
2024-06-21,1237274,2.05,79.01115085714287,0
2024-06-22,886953,2.05,79.01115085714287,0
2024-06-23,795952,2.05,79.01115085714287,0
2024-06-24,1222911,2.05,79.01115085714287,0
2024-06-25,1259975,2.05,79.01115085714287,0
2024-06-26,1273879,2.05,79.01115085714287,0
2024-06-27,1263233,2.05,79.01115085714287,0
2024-06-28,1271132,2.05,79.01115085714287,0
2024-06-29,928493,2.05,79.01115085714287,0
2024-06-30,818469,2.05,79.01115085714287,0
2024-07-01,1270229,2.05,66.79657186394557,0
2024-07-02,1304068,2.05,66.79657186394557,0
2024-07-03,1326594,2.05,66.79657186394557,0
2024-07-04,1320439,2.05,66.79657186394557,0
2024-07-05,1347173,2.05,66.79657186394557,0
2024-07-06,966316,2.05,66.79657186394557,0
2024-07-07,929413,2.05,66.79657186394557,0
2024-07-08,792105,2.05,66.79657186394557,0
2024-07-09,1308750,2.05,66.79657186394557,0
2024-07-10,1331851,2.05,66.79657186394557,0
2024-07-11,1329944,2.05,50.84913105442177,0
2024-07-12,1309417,2.05,50.84913105442177,0
2024-07-13,936338,2.05,50.84913105442177,0
2024-07-14,821808,2.05,50.84913105442177,0
2024-07-15,1275120,2.05,50.84913105442177,0
2024-07-16,1313698,2.05,50.84913105442177,0
2024-07-17,1332695,2.05,50.84913105442177,0
2024-07-18,1310815,2.05,50.84913105442177,0
2024-07-19,1310717,2.05,50.84913105442177,0
2024-07-20,952258,2.05,50.84913105442177,0
2024-07-21,810809,2.05,29.09590187414966,0
2024-07-22,1275879,2.05,29.09590187414966,0
2024-07-23,1312634,2.05,29.09590187414966,0
2024-07-24,1317557,2.05,29.09590187414966,0
2024-07-25,1316247,2.05,29.09590187414966,0
2024-07-26,1320296,2.05,29.09590187414966,0
2024-07-27,954306,2.05,29.09590187414966,0
2024-07-28,822630,2.05,29.09590187414966,0
2024-07-29,1262153,2.05,29.09590187414966,0
2024-07-30,1312479,2.05,29.09590187414966,0
2024-07-31,1334093,2.05,29.09590187414966,0
2024-08-01,1328117,2.05,79.1709315510204,0
2024-08-02,1326853,2.05,79.1709315510204,0
2024-08-03,938496,2.05,79.1709315510204,0
2024-08-04,822059,2.05,79.1709315510204,0
2024-08-05,1282200,2.05,79.1709315510204,0
2024-08-06,1334028,2.05,79.1709315510204,0
2024-08-07,1354834,2.05,79.1709315510204,0
2024-08-08,1355787,2.05,79.1709315510204,0
2024-08-09,1341802,2.05,79.1709315510204,0
2024-08-10,965260,2.05,79.1709315510204,0
2024-08-11,822454,2.05,74.87110336054421,0
2024-08-12,1313142,2.05,74.87110336054421,0
2024-08-13,1341258,2.05,74.87110336054421,0
2024-08-14,1345528,2.05,74.87110336054421,0
2024-08-15,1331186,2.05,74.87110336054421,0
2024-08-16,1326736,2.05,74.87110336054421,0
2024-08-17,921888,2.05,74.87110336054421,0
2024-08-18,841496,2.05,74.87110336054421,0
2024-08-19,1283233,2.05,74.87110336054421,0
2024-08-20,1307609,2.05,74.87110336054421,0
2024-08-21,1328214,2.05,130.33297814285714,0
2024-08-22,1313971,2.05,130.33297814285714,0
2024-08-23,1322357,2.05,130.33297814285714,0
2024-08-24,996748,2.05,130.33297814285714,0
2024-08-25,819472,2.05,130.33297814285714,0
2024-08-26,1260373,2.05,130.33297814285714,0
2024-08-27,1300808,2.05,130.33297814285714,0
2024-08-28,1316137,2.05,130.33297814285714,0
2024-08-29,1304212,2.05,130.33297814285714,0
2024-08-30,1350324,2.05,130.33297814285714,0
2024-08-31,1116095,2.05,130.33297814285714,0
2024-09-01,800423,2.05,78.45185236734693,0
2024-09-02,1211800,2.05,78.45185236734693,0
2024-09-03,1273086,2.05,78.45185236734693,0
2024-09-04,1332366,2.05,78.45185236734693,0
2024-09-05,1311931,2.05,78.45185236734693,0
2024-09-06,1307291,2.05,78.45185236734693,0
2024-09-07,952852,2.05,78.45185236734693,0
2024-09-08,864635,2.05,78.45185236734693,0
2024-09-09,1293219,2.05,78.45185236734693,0
2024-09-10,1321302,2.05,78.45185236734693,0
2024-09-11,1352606,2.05,97.28438293877552,0
2024-09-12,1325894,2.05,97.28438293877552,0
2024-09-13,1326373,2.05,97.28438293877552,0
2024-09-14,999430,2.05,97.28438293877552,0
2024-09-15,978058,2.05,97.28438293877552,0
2024-09-16,922142,2.05,97.28438293877552,0
2024-09-17,949009,2.05,97.28438293877552,0
2024-09-18,1338369,2.05,97.28438293877552,0
2024-09-19,1355607,2.05,97.28438293877552,0
2024-09-20,1350452,2.05,97.28438293877552,0
2024-09-21,905765,2.05,66.49110185034014,0
2024-09-22,813900,2.05,66.49110185034014,0
2024-09-23,1256089,2.05,66.49110185034014,0
2024-09-24,1303483,2.05,66.49110185034014,0
2024-09-25,1312839,2.05,66.49110185034014,0
2024-09-26,1320460,2.05,66.49110185034014,0
2024-09-27,1318980,2.05,66.49110185034014,0
2024-09-28,911066,2.05,66.49110185034014,0
2024-09-29,810320,2.05,66.49110185034014,0
2024-09-30,1267219,2.05,66.49110185034014,0
2024-10-01,1341628,2.05,116.30543674829933,0
2024-10-02,1350997,2.05,116.30543674829933,0
2024-10-03,1364476,2.05,116.30543674829933,0
2024-10-04,1387992,2.05,116.30543674829933,0
2024-10-05,992669,2.05,116.30543674829933,0
2024-10-06,922105,2.05,116.30543674829933,0
2024-10-07,1316940,2.05,116.30543674829933,0
2024-10-08,1354280,2.05,116.30543674829933,0
2024-10-09,1358699,2.05,116.30543674829933,0
2024-10-10,1354128,2.05,116.30543674829933,0
2024-10-11,1375511,2.05,103.8112939659864,0
2024-10-12,961849,2.05,103.8112939659864,0
2024-10-13,881060,2.05,103.8112939659864,0
2024-10-14,1309936,2.05,103.8112939659864,0
2024-10-15,1340097,2.05,103.8112939659864,0
2024-10-16,1381771,2.05,103.8112939659864,0
2024-10-17,1367105,2.05,103.8112939659864,0
2024-10-18,1370553,2.05,103.8112939659864,0
2024-10-19,929095,2.05,103.8112939659864,0
2024-10-20,848602,2.05,103.8112939659864,0
2024-10-21,1304733,2.05,63.24336534693877,0
2024-10-22,1340988,2.05,63.24336534693877,0
2024-10-23,1354280,2.05,63.24336534693877,0
2024-10-24,1348256,2.05,63.24336534693877,0
2024-10-25,1359611,2.05,63.24336534693877,0
2024-10-26,1031709,2.05,63.24336534693877,0
2024-10-27,854247,2.05,63.24336534693877,0
2024-10-28,1277342,2.05,63.24336534693877,0
2024-10-29,1338335,2.05,63.24336534693877,0
2024-10-30,1354313,2.05,63.24336534693877,0
2024-10-31,960237,2.05,63.24336534693877,0
2024-11-01,1161225,2.05,116.99588891836734,0
2024-11-02,917139,2.05,116.99588891836734,0
2024-11-03,869746,2.05,116.99588891836734,0
2024-11-04,1290557,2.05,116.99588891836734,0
2024-11-05,1340666,2.05,116.99588891836734,0
2024-11-06,1358741,2.05,116.99588891836734,0
2024-11-07,1362984,2.05,116.99588891836734,0
2024-11-08,1385431,2.05,116.99588891836734,0
2024-11-09,994799,2.05,116.99588891836734,0
2024-11-10,883307,2.05,116.99588891836734,0
2024-11-11,1349567,2.05,135.52623768027212,0
2024-11-12,1359054,2.05,135.52623768027212,0
2024-11-13,1375739,2.05,135.52623768027212,0
2024-11-14,1373662,2.05,135.52623768027212,0
2024-11-15,1386928,2.05,135.52623768027212,0
2024-11-16,940626,2.05,135.52623768027212,0
2024-11-17,858050,2.05,135.52623768027212,0
2024-11-18,1342401,2.05,135.52623768027212,0
2024-11-19,1384279,2.05,135.52623768027212,0
2024-11-20,1406235,2.05,135.52623768027212,0
2024-11-21,1408907,2.05,254.20410569387752,0
2024-11-22,1417264,2.05,254.20410569387752,0
2024-11-23,1022412,2.05,254.20410569387752,0
2024-11-24,874200,2.05,254.20410569387752,0
2024-11-25,1335672,2.05,254.20410569387752,0
2024-11-26,1367385,2.05,254.20410569387752,0
2024-11-27,1370268,2.05,254.20410569387752,0
2024-11-28,1375868,2.05,254.20410569387752,0
2024-11-29,1399687,2.05,254.20410569387752,0
2024-11-30,1031799,2.05,254.20410569387752,0
2024-12-01,924408,2.05,107.12139329251701,0
2024-12-02,1318990,2.05,107.12139329251701,0
2024-12-03,1360502,2.05,107.12139329251701,0
2024-12-04,1388537,2.05,107.12139329251701,0
2024-12-05,1362407,2.05,107.12139329251701,0
2024-12-06,1387884,2.05,107.12139329251701,0
2024-12-07,1041847,2.05,107.12139329251701,0
2024-12-08,933861,2.05,107.12139329251701,0
2024-12-09,1324469,2.05,107.12139329251701,0
2024-12-10,1385901,2.05,107.12139329251701,0
2024-12-11,1335033,2.05,117.86274876190477,0
2024-12-12,1362235,2.05,117.86274876190477,0
2024-12-13,1334535,2.05,117.86274876190477,0
2024-12-14,1025879,2.05,117.86274876190477,0
2024-12-15,897533,2.05,117.86274876190477,0
2024-12-16,1295183,2.05,117.86274876190477,0
2024-12-17,1331075,2.05,117.86274876190477,0
2024-12-18,1363305,2.05,117.86274876190477,0
2024-12-19,1314963,2.05,117.86274876190477,0
2024-12-20,1401963,2.05,117.86274876190477,0
2024-12-21,1055754,2.05,95.42751856802721,0
2024-12-22,1005680,2.05,95.42751856802721,0
2024-12-23,1288975,2.05,95.42751856802721,0
2024-12-24,1325937,2.05,95.42751856802721,0
2024-12-25,1039853,2.05,95.42751856802721,0
2024-12-26,1202576,2.05,95.42751856802721,0
2024-12-27,1165584,2.05,95.42751856802721,0
2024-12-28,916160,2.05,95.42751856802721,0
2024-12-29,813511,2.05,95.42751856802721,0
2024-12-30,1165458,2.05,95.42751856802721,0
2024-12-31,1630790,2.05,95.42751856802721,0
2025-01-01,942015,2.05,81.177075907483,0
2025-01-02,1252021,2.05,81.177075907483,0
2025-01-03,1239155,2.05,81.177075907483,0
2025-01-04,847718,2.05,81.177075907483,0
2025-01-05,784506,2.05,81.177075907483,0
2025-01-06,1313038,2.05,81.177075907483,0
2025-01-07,1351553,2.05,81.177075907483,0
2025-01-08,1380360,2.05,81.177075907483,0
2025-01-09,1372999,2.05,81.177075907483,0
2025-01-10,1371047,2.05,81.177075907483,0
2025-01-11,962410,2.05,146.2807126734694,0
2025-01-12,886350,2.05,146.2807126734694,0
2025-01-13,1342040,2.05,146.2807126734694,0
2025-01-14,1353230,2.05,146.2807126734694,0
2025-01-15,1384693,2.05,146.2807126734694,0
2025-01-16,1381865,2.05,146.2807126734694,0
2025-01-17,1386568,2.05,146.2807126734694,0
2025-01-18,954264,2.05,146.2807126734694,0
2025-01-19,873763,2.05,146.2807126734694,0
2025-01-20,1352536,2.05,146.2807126734694,0
2025-01-21,1383500,2.05,151.11660361904762,0
2025-01-22,1404571,2.05,151.11660361904762,0
2025-01-23,1395047,2.05,151.11660361904762,0
2025-01-24,1367060,2.05,151.11660361904762,0
2025-01-25,960061,2.05,151.11660361904762,0
2025-01-26,861753,2.05,151.11660361904762,0
2025-01-27,1210615,2.05,151.11660361904762,0
2025-01-28,1151197,2.05,151.11660361904762,0
2025-01-29,1027323,2.05,151.11660361904762,0
2025-01-30,889127,2.05,151.11660361904762,0
2025-01-31,994205,2.05,151.11660361904762,0
2025-02-01,851326,2.05,65.99874024353741,0
2025-02-02,810356,2.05,65.99874024353741,0
2025-02-03,1256400,2.05,65.99874024353741,0
2025-02-04,1323279,2.05,65.99874024353741,0
2025-02-05,1336229,2.05,65.99874024353741,0
2025-02-06,1336871,2.05,65.99874024353741,0
2025-02-07,1363913,2.05,65.99874024353741,0
2025-02-08,1012009,2.05,65.99874024353741,0
2025-02-09,946257,2.05,65.99874024353741,0
2025-02-10,1405791,2.05,65.99874024353741,0
2025-02-11,957964,2.05,77.60862182312925,0
2025-02-12,1444800,2.05,77.60862182312925,0
2025-02-13,1413902,2.05,77.60862182312925,0
2025-02-14,1435823,2.05,77.60862182312925,0
2025-02-15,998854,2.05,77.60862182312925,0
2025-02-16,851574,2.05,77.60862182312925,0
2025-02-17,1353624,2.05,77.60862182312925,0
2025-02-18,1423471,2.05,77.60862182312925,0
2025-02-19,1433723,2.05,77.60862182312925,0
2025-02-20,1423011,2.05,77.60862182312925,0
2025-02-21,1403852,2.05,98.01058131972789,0
2025-02-22,971651,2.05,98.01058131972789,0
2025-02-23,872727,2.05,98.01058131972789,0
2025-02-24,1360557,2.05,98.01058131972789,0
2025-02-25,1417420,2.05,98.01058131972789,0
2025-02-26,1435516,2.05,98.01058131972789,0
2025-02-27,1418614,2.05,98.01058131972789,0
2025-02-28,1449543,2.05,98.01058131972789,0
2025-03-01,943822,2.05,90.63539259659865,0
2025-03-02,705321,2.05,90.63539259659865,0
2025-03-03,1305936,2.05,90.63539259659865,0
2025-03-04,1352122,2.05,90.63539259659865,0
2025-03-05,1368301,2.05,90.63539259659865,0
2025-03-06,1354861,2.05,90.63539259659865,0
2025-03-07,1368784,2.05,90.63539259659865,0
2025-03-08,834804,2.05,90.63539259659865,0
2025-03-09,775429,2.05,90.63539259659865,0
2025-03-10,1338204,2.05,90.63539259659865,0
2025-03-11,1374251,2.05,83.3616614217687,0
2025-03-12,1381118,2.05,83.3616614217687,0
2025-03-13,1376796,2.05,83.3616614217687,0
2025-03-14,1395045,2.05,83.3616614217687,0
2025-03-15,895736,2.05,83.3616614217687,0
2025-03-16,783166,2.05,83.3616614217687,0
2025-03-17,1285537,2.05,83.3616614217687,0
2025-03-18,799286,2.05,83.3616614217687,0
2025-03-19,1383358,2.05,83.3616614217687,0
2025-03-20,1373692,2.05,83.3616614217687,0
2025-03-21,1388607,2.05,88.22761736666666,0
2025-03-22,902084,2.05,88.22761736666666,0
2025-03-23,773432,2.05,88.22761736666666,0
2025-03-24,1335103,2.05,88.22761736666666,0
2025-03-25,1370543,2.05,88.22761736666666,0
2025-03-26,1386447,2.05,88.22761736666666,0
2025-03-27,1334549,2.05,88.22761736666666,0
2025-03-28,1292026,2.05,88.22761736666666,0
2025-03-29,832276,2.05,88.22761736666666,0
2025-03-30,805928,2.05,88.22761736666666,0
2025-03-31,866197,2.05,88.22761736666666,0
2025-04-01,843998,2.05,117.54037842857143,0
2025-04-02,1030454,2.05,117.54037842857143,0
2025-04-03,1062955,2.05,117.54037842857143,0
2025-04-04,1056310,2.05,117.54037842857143,0
2025-04-05,818068,2.05,117.54037842857143,0
2025-04-06,804557,2.05,117.54037842857143,0
2025-04-07,1326675,2.05,117.54037842857143,0
2025-04-08,1380648,2.05,117.54037842857143,0
2025-04-09,1390710,2.05,117.54037842857143,0
2025-04-10,1394630,2.05,117.54037842857143,0
2025-04-11,1398427,2.05,91.22278857142857,0
2025-04-12,967707,2.05,91.22278857142857,0
2025-04-13,885500,2.05,91.22278857142857,0
2025-04-14,1369469,2.05,91.22278857142857,0
2025-04-15,1422215,2.05,91.22278857142857,0
2025-04-16,1470778,2.05,91.22278857142857,0
2025-04-17,1434987,2.05,91.22278857142857,0
2025-04-18,1449115,2.05,91.22278857142857,0
2025-04-19,1020364,2.05,91.22278857142857,0
2025-04-20,915084,2.05,91.22278857142857,0
2025-04-21,1363260,2.05,82.69713346938775,0
2025-04-22,1406570,2.05,82.69713346938775,0
2025-04-23,1400777,2.05,82.69713346938775,0
2025-04-24,1416213,2.05,82.69713346938775,0
2025-04-25,1419266,2.05,82.69713346938775,0
2025-04-26,1017446,2.05,82.69713346938775,0
2025-04-27,855471,2.05,82.69713346938775,0
2025-04-28,1363325,2.05,82.69713346938775,0
2025-04-29,1403328,2.05,82.69713346938775,0
2025-04-30,1491793,2.05,82.69713346938775,0
2025-05-01,940886,2.05,79.1530738707483,0
2025-05-02,1338485,2.05,79.1530738707483,0
2025-05-03,963174,2.05,79.1530738707483,0
2025-05-04,843152,2.05,79.1530738707483,0
2025-05-05,1384798,2.05,79.1530738707483,0
2025-05-06,1416183,2.05,79.1530738707483,0
2025-05-07,1426151,2.05,79.1530738707483,0
2025-05-08,1415069,2.05,79.1530738707483,0
2025-05-09,1432278,2.05,79.1530738707483,0
2025-05-10,1031214,2.05,79.1530738707483,0
2025-05-11,954453,2.05,78.00728923129252,0
2025-05-12,841830,2.05,78.00728923129252,0
2025-05-13,1399086,2.05,78.00728923129252,0
2025-05-14,1414024,2.05,78.00728923129252,0
2025-05-15,1402487,2.05,78.00728923129252,0
2025-05-16,1380966,2.05,78.00728923129252,0
2025-05-17,921413,2.05,78.00728923129252,0
2025-05-18,819583,2.05,78.00728923129252,0
2025-05-19,1340552,2.05,78.00728923129252,0
2025-05-20,1403845,2.05,78.00728923129252,0
2025-05-21,1435467,2.05,94.18280646258503,0
2025-05-22,1424329,2.05,94.18280646258503,0
2025-05-23,1443633,2.05,94.18280646258503,0
2025-05-24,1071421,2.05,94.18280646258503,0
2025-05-25,896353,2.05,94.18280646258503,0
2025-05-26,1292313,2.05,94.18280646258503,0
2025-05-27,1317741,2.05,94.18280646258503,0
2025-05-28,1443630,2.05,94.18280646258503,0
2025-05-29,1473886,2.05,94.18280646258503,0
2025-05-30,1473370,2.05,94.18280646258503,0
2025-05-31,1095103,2.05,94.18280646258503,0
2025-06-01,1058669,2.05,79.26005174829932,0
2025-06-02,868839,2.05,79.26005174829932,0
2025-06-03,1400316,2.05,79.26005174829932,0
2025-06-04,1421234,2.05,79.26005174829932,0
2025-06-05,1390639,2.05,79.26005174829932,0
2025-06-06,1266706,2.05,79.26005174829932,0
2025-06-07,906253,2.05,79.26005174829932,0
2025-06-08,921954,2.05,79.26005174829932,0
2025-06-09,1253377,2.05,79.26005174829932,0
2025-06-10,1428641,2.05,79.26005174829932,0
2025-06-11,1426918,2.05,59.97165253741497,0
2025-06-12,1402379,2.05,59.97165253741497,0
2025-06-13,1386122,2.05,59.97165253741497,0
2025-06-14,947613,2.05,59.97165253741497,0
2025-06-15,850238,2.05,59.97165253741497,0
2025-06-16,1360401,2.05,59.97165253741497,0
2025-06-17,1415246,2.05,59.97165253741497,0
2025-06-18,1423971,2.05,59.97165253741497,0
2025-06-19,1402919,2.05,59.97165253741497,0
2025-06-20,1391857,2.05,59.97165253741497,0
2025-06-21,959675,2.05,44.50165885714286,0
2025-06-22,879335,2.05,44.50165885714286,0
2025-06-23,1372407,2.05,44.50165885714286,0
2025-06-24,1404132,2.05,44.50165885714286,0
2025-06-25,1429160,2.05,44.50165885714286,0
2025-06-26,1433087,2.05,44.50165885714286,0
2025-06-27,896072,2.05,44.50165885714286,0
2025-06-28,941264,2.05,44.50165885714286,0
2025-06-29,838880,2.05,44.50165885714286,0
2025-06-30,1351524,2.05,44.50165885714286,0
2025-07-01,1407300,2.05,47.93869314285714,0
2025-07-02,1416702,2.05,47.93869314285714,0
2025-07-03,1411164,2.05,47.93869314285714,0
2025-07-04,1413503,2.05,47.93869314285714,0
2025-07-05,975444,2.05,47.93869314285714,0
2025-07-06,870615,2.05,47.93869314285714,0
2025-07-07,1395749,2.05,47.93869314285714,0
2025-07-08,1443629,2.05,47.93869314285714,0
2025-07-09,1462081,2.05,47.93869314285714,0
2025-07-10,1451518,2.05,47.93869314285714,0
2025-07-11,1449588,2.05,48.05056607482993,0
2025-07-12,1007940,2.05,48.05056607482993,0
2025-07-13,891380,2.05,48.05056607482993,0
2025-07-14,1401835,2.05,48.05056607482993,0
2025-07-15,1454232,2.05,48.05056607482993,0
2025-07-16,1467727,2.05,48.05056607482993,0
2025-07-17,1441514,2.05,48.05056607482993,0
2025-07-18,1448220,2.05,48.05056607482993,0
2025-07-19,981886,2.05,48.05056607482993,0
2025-07-20,852943,2.05,48.05056607482993,0
2025-07-21,1389447,2.05,28.25717826530612,0
2025-07-22,1417145,2.05,28.25717826530612,0
2025-07-23,1453623,2.05,28.25717826530612,0
2025-07-24,1448108,2.05,28.25717826530612,0
2025-07-25,1452612,2.05,28.25717826530612,0
2025-07-26,1016290,2.05,28.25717826530612,0
2025-07-27,845468,2.05,28.25717826530612,0
2025-07-28,1376686,2.05,28.25717826530612,0
2025-07-29,1408583,2.05,28.25717826530612,0
2025-07-30,1432932,2.05,28.25717826530612,0
2025-07-31,1418244,2.05,28.25717826530612,0
2025-08-01,1427891,2.05,82.278120292517,0
2025-08-02,986624,2.05,82.278120292517,0
2025-08-03,880572,2.05,82.278120292517,0
2025-08-04,1387859,2.05,82.278120292517,0
2025-08-05,1450820,2.05,82.278120292517,0
2025-08-06,1468058,2.05,82.278120292517,0
2025-08-07,1460071,2.05,82.278120292517,0
2025-08-08,1456886,2.05,82.278120292517,0
2025-08-09,1014367,2.05,82.278120292517,0
2025-08-10,909733,2.05,82.278120292517,0
2025-08-11,1430509,2.05,86.75507489795919,0
2025-08-12,1469024,2.05,86.75507489795919,0
2025-08-13,1482600,2.05,86.75507489795919,0
2025-08-14,1449657,2.05,86.75507489795919,0
2025-08-15,1467236,2.05,86.75507489795919,0
2025-08-16,1019681,2.05,86.75507489795919,0
2025-08-17,891028,2.05,86.75507489795919,0
2025-08-18,1399560,2.05,86.75507489795919,0
2025-08-19,1443993,2.05,86.75507489795919,0
2025-08-20,1464474,2.05,86.75507489795919,0
2025-08-21,1423856,2.05,79.53705190476191,0
2025-08-22,1439794,2.05,79.53705190476191,0
2025-08-23,989492,2.05,79.53705190476191,0
2025-08-24,864631,2.05,79.53705190476191,0
2025-08-25,1392501,2.05,79.53705190476191,0
2025-08-26,1426951,2.05,79.53705190476191,0
2025-08-27,1433527,2.05,79.53705190476191,0
2025-08-28,1415501,2.05,79.53705190476191,0
2025-08-29,1437027,2.05,79.53705190476191,0
2025-08-30,1106287,2.05,79.53705190476191,0
2025-08-31,1146582,2.05,79.53705190476191,0
2025-09-01,819062,2.05,124.0499388027211,0
2025-09-02,1389651,2.05,124.0499388027211,0
2025-09-03,1402406,2.05,124.0499388027211,0
2025-09-04,1438463,2.05,124.0499388027211,0
2025-09-05,910304,2.05,124.0499388027211,0
2025-09-06,917600,2.05,124.0499388027211,0
2025-09-07,828895,2.05,124.0499388027211,0
2025-09-08,1377414,2.05,124.0499388027211,0
2025-09-09,1427385,2.05,124.0499388027211,0
2025-09-10,1439522,2.05,124.0499388027211,0
2025-09-11,1425193,2.05,100.37853253061223,0
2025-09-12,1428802,2.05,100.37853253061223,0
2025-09-13,990377,2.05,100.37853253061223,0
2025-09-14,964581,2.05,100.37853253061223,0
2025-09-15,948717,2.05,100.37853253061223,0
2025-09-16,871837,2.05,100.37853253061223,0
2025-09-17,1398060,2.05,100.37853253061223,0
2025-09-18,1400326,2.05,100.37853253061223,0
2025-09-19,1361668,2.05,100.37853253061223,0
2025-09-20,935902,2.05,100.37853253061223,0
2025-09-21,788071,2.05,66.83520720408164,0
2025-09-22,1356448,2.05,66.83520720408164,0
2025-09-23,1397824,2.05,66.83520720408164,0
2025-09-24,1415575,2.05,66.83520720408164,0
2025-09-25,1412531,2.05,66.83520720408164,0
2025-09-26,1400040,2.05,66.83520720408164,0
2025-09-27,937096,2.05,66.83520720408164,0
2025-09-28,816506,2.05,66.83520720408164,0
2025-09-29,1350847,2.05,66.83520720408164,0
2025-09-30,1400381,2.6,66.83520720408164,0
2025-10-01,1425853,2.6,95.97153691836735,1
2025-10-02,1437270,2.6,95.97153691836735,1
2025-10-03,1455569,2.6,95.97153691836735,1
2025-10-04,1061700,2.6,95.97153691836735,1
2025-10-05,930728,2.6,95.97153691836735,1
2025-10-06,1388684,2.6,95.97153691836735,1
2025-10-07,1452024,2.6,95.97153691836735,1
2025-10-08,1476597,2.6,95.97153691836735,1
2025-10-09,1430484,2.6,95.97153691836735,1
2025-10-10,1476082,2.6,95.97153691836735,1
2025-10-11,999682,2.6,102.39827517006803,1
2025-10-12,865200,2.6,102.39827517006803,1
2025-10-13,1397336,2.6,102.39827517006803,1
2025-10-14,1438715,2.6,102.39827517006803,1
2025-10-15,1459063,2.6,102.39827517006803,1
2025-10-16,1459758,2.6,102.39827517006803,1
2025-10-17,1456115,2.6,102.39827517006803,1
2025-10-18,996026,2.6,102.39827517006803,1
2025-10-19,969668,2.6,102.39827517006803,1
2025-10-20,865131,2.6,102.39827517006803,1
2025-10-21,1301313,2.6,96.25991402721088,1
2025-10-22,1310631,2.6,96.25991402721088,1
2025-10-23,1287489,2.6,96.25991402721088,1
2025-10-24,1320413,2.6,96.25991402721088,1
2025-10-25,901451,2.6,96.25991402721088,1
2025-10-26,756848,2.6,96.25991402721088,1
2025-10-27,1145396,2.6,96.25991402721088,1
2025-10-28,1206685,2.6,96.25991402721088,1
2025-10-29,1386967,2.6,96.25991402721088,1
2025-10-30,1392098,2.6,96.25991402721088,1
2025-10-31,1412911,2.6,96.25991402721088,1
2025-11-01,959714,2.6,128.23499733333333,1
2025-11-02,845002,2.6,128.23499733333333,1
2025-11-03,1358341,2.6,128.23499733333333,1
2025-11-04,1397487,2.6,128.23499733333333,1
2025-11-05,1421204,2.6,128.23499733333333,1
2025-11-06,1425279,2.6,128.23499733333333,1
2025-11-07,1453055,2.6,128.23499733333333,1
2025-11-08,999189,2.6,128.23499733333333,1
2025-11-09,908391,2.6,128.23499733333333,1
2025-11-10,1392927,2.6,128.23499733333333,1
2025-11-11,1441014,2.6,169.00212253741495,1
2025-11-12,1443608,2.6,169.00212253741495,1
2025-11-13,1419150,2.65,169.00212253741495,1
2025-11-14,1417086,2.65,169.00212253741495,1
2025-11-15,952117,2.65,169.00212253741495,1
2025-11-16,852609,2.65,169.00212253741495,1
2025-11-17,1378478,2.65,169.00212253741495,1
2025-11-18,1441322,2.65,169.00212253741495,1
2025-11-19,1450782,2.65,169.00212253741495,1
2025-11-20,1444193,2.65,169.00212253741495,1
2025-11-21,1427723,2.65,295.80907220408164,1
2025-11-22,993549,2.65,295.80907220408164,1
2025-11-23,836083,2.65,295.80907220408164,1
2025-11-24,1321763,2.65,295.80907220408164,1
2025-11-25,1411825,2.65,295.80907220408164,1
2025-11-26,1435675,2.65,295.80907220408164,1
2025-11-27,1417247,2.63,295.80907220408164,1
2025-11-28,1401358,2.63,295.80907220408164,1
2025-11-29,998131,2.63,295.80907220408164,1
2025-11-30,871813,2.63,295.80907220408164,1
2025-12-01,1369421,2.63,68.12471627210884,0
2025-12-02,1422142,2.63,68.12471627210884,0
2025-12-03,1431912,2.63,68.12471627210884,0
2025-12-04,1439686,2.66,68.12471627210884,0
2025-12-05,1455033,2.66,68.12471627210884,0
2025-12-06,1050952,2.66,68.12471627210884,0
2025-12-07,966460,2.66,68.12471627210884,0
2025-12-08,1398599,2.66,68.12471627210884,0
2025-12-09,1425662,2.66,68.12471627210884,0
2025-12-10,1448706,2.66,68.12471627210884,0
2025-12-11,1346786,2.64,141.05350530612247,1
2025-12-12,1382121,2.64,141.05350530612247,1
2025-12-13,976082,2.64,141.05350530612247,1
2025-12-14,941491,2.64,141.05350530612247,1
2025-12-15,1354449,2.64,141.05350530612247,1
2025-12-16,1389868,2.64,141.05350530612247,1
2025-12-17,1413124,2.64,141.05350530612247,1
2025-12-18,1397932,2.62,141.05350530612247,1
2025-12-19,1404675,2.62,141.05350530612247,1
2025-12-20,1053007,2.62,141.05350530612247,1
2025-12-21,967087,2.62,118.36783291836734,1
2025-12-22,1350673,2.62,118.36783291836734,1
2025-12-23,1380895,2.62,118.36783291836734,1
2025-12-24,1392293,2.62,118.36783291836734,1
2025-12-25,1016236,2.56,118.36783291836734,1
2025-12-26,1181230,2.56,118.36783291836734,1
2025-12-27,977982,2.56,118.36783291836734,1
2025-12-28,875847,2.56,118.36783291836734,1
2025-12-29,1243458,2.56,118.36783291836734,1
2025-12-30,1279647,2.56,118.36783291836734,1
2025-12-31,1708310,2.56,118.36783291836734,1
2026-01-01,972255,2.56,93.69871739387756,1
2026-01-02,1207803,2.56,93.69871739387756,1
2026-01-03,925550,2.56,93.69871739387756,1
2026-01-04,823426,2.56,93.69871739387756,1
2026-01-05,1368889,2.56,93.69871739387756,1
2026-01-06,1414029,2.56,93.69871739387756,1
2026-01-07,1433839,2.56,93.69871739387756,1
2026-01-08,1402582,2.54,93.69871739387756,1
2026-01-09,1400187,2.54,93.69871739387756,1
2026-01-10,1043478,2.54,93.69871739387756,1
2026-01-11,861719,2.54,29.047504910884353,0
2026-01-12,1384229,2.54,29.047504910884353,0
2026-01-13,1443897,2.54,29.047504910884353,0
2026-01-14,1462397,2.54,29.047504910884353,0
2026-01-15,1436378,2.52,29.047504910884353,0
2026-01-16,1467777,2.52,29.047504910884353,0
2026-01-17,973381,2.52,29.047504910884353,0
2026-01-18,852932,2.52,29.047504910884353,0
2026-01-19,1414254,2.52,29.047504910884353,0
2026-01-20,1460155,2.52,29.047504910884353,0
2026-01-21,1466431,2.52,39.9058160585034,0
2026-01-22,1453205,2.54,39.9058160585034,0
2026-01-23,1458972,2.54,39.9058160585034,0
2026-01-24,973592,2.54,39.9058160585034,0
2026-01-25,861592,2.54,39.9058160585034,0
2026-01-26,1421353,2.54,39.9058160585034,0
2026-01-27,1462959,2.54,39.9058160585034,0
2026-01-28,1483084,2.54,39.9058160585034,0
2026-01-29,1466486,2.54,39.9058160585034,0
2026-01-30,1544499,2.54,39.9058160585034,0
2026-01-31,1175536,2.54,39.9058160585034,0
2026-02-01,1090899,2.54,42.91223167142857,0
2026-02-02,841334,2.54,42.91223167142857,0
2026-02-03,1067090,2.54,42.91223167142857,0
2026-02-04,1487475,2.54,42.91223167142857,0
2026-02-05,1506365,2.54,42.91223167142857,0
2026-02-06,1527835,2.54,42.91223167142857,0
2026-02-07,1133762,2.54,42.91223167142857,0
2026-02-08,988834,2.54,42.91223167142857,0
2026-02-09,1515448,2.54,42.91223167142857,0
2026-02-10,1562571,2.54,42.91223167142857,0
2026-02-11,1571052,2.54,131.71612301360543,1
2026-02-12,1565410,2.54,131.71612301360543,1
2026-02-13,1583000,2.54,131.71612301360543,1
2026-02-14,1114281,2.54,131.71612301360543,1
2026-02-15,941912,2.54,131.71612301360543,1
2026-02-16,1155597,2.54,131.71612301360543,1
2026-02-17,893050,2.54,131.71612301360543,1
2026-02-18,809937,2.54,131.71612301360543,1
2026-02-19,941332,2.54,131.71612301360543,1
2026-02-20,1016003,2.54,131.71612301360543,1
2026-02-21,727445,2.54,79.78586009183674,1
2026-02-22,681617,2.54,79.78586009183674,1
2026-02-23,1345256,2.54,79.78586009183674,1
2026-02-24,1371681,2.54,79.78586009183674,1
2026-02-25,1369631,2.54,79.78586009183674,1
2026-02-26,1406708,2.59,79.78586009183674,1
2026-02-27,1422325,2.59,79.78586009183674,1
2026-02-28,873670,2.59,79.78586009183674,1
2026-03-01,900735,2.59,64.60223804013606,0
2026-03-02,1406324,2.59,64.60223804013606,0
2026-03-03,1443507,2.59,64.60223804013606,0
2026-03-04,1456988,2.59,64.60223804013606,0
2026-03-05,1457269,2.67,64.60223804013606,0
2026-03-06,1454651,2.67,64.60223804013606,0
2026-03-07,938386,2.67,64.60223804013606,0
2026-03-08,860286,2.67,64.60223804013606,0
2026-03-09,1426457,2.67,64.60223804013606,0
2026-03-10,1477064,2.67,64.60223804013606,0
2026-03-11,1419737,2.67,33.24551019727891,0
2026-03-12,1470952,3.27,33.24551019727891,0
2026-03-13,1474989,3.27,33.24551019727891,0
2026-03-14,971577,3.27,33.24551019727891,0
2026-03-15,849301,3.27,33.24551019727891,0
2026-03-16,1425282,3.27,33.24551019727891,0
2026-03-17,1485712,3.27,33.24551019727891,0
2026-03-18,1404273,3.27,33.24551019727891,0
2026-03-19,1191885,3.27,33.24551019727891,0
2026-03-20,812309,3.27,33.24551019727891,0
2026-03-21,904038,3.27,39.33623178367347,0
2026-03-22,936484,3.27,39.33623178367347,0
2026-03-23,787308,3.27,39.33623178367347,0
2026-03-24,1100132,3.27,39.33623178367347,0
2026-03-25,1196641,3.27,39.33623178367347,0
2026-03-26,1258338,3.87,39.33623178367347,0
2026-03-27,1251542,3.87,39.33623178367347,0
2026-03-28,862758,3.87,39.33623178367347,0
2026-03-29,793483,3.87,39.33623178367347,0
2026-03-30,1373696,3.87,39.33623178367347,0
2026-03-31,1441377,3.87,39.33623178367347,0
