date,rainfall_mm,anomaly_rf,anomaly_1mo,rainfall_change,anomaly_change
2019-01-01,67.37562466666667,95.76106306666667,97.88206006666665,,
2019-01-11,56.83883393333334,85.59556673333333,85.83049106666667,-15.638876500905063,-10.615479828431262
2019-01-21,47.6427271,64.19721013333334,81.99249053333332,-16.179267231483873,-24.999374870272185
2019-02-01,29.454333013333333,69.4697978,70.80199893333334,-38.17664351683736,8.213110282698954
2019-02-11,57.609669133333334,120.18947906666666,79.26896113333333,95.58979355348056,73.0096860403798
2019-02-21,10.773596713333335,31.47721773333333,72.1536732,-81.29897832185316,-73.81033849404277
2019-03-01,19.33453902666667,39.655120200000006,59.94627666666667,79.46224961937145,25.98038535663383
2019-03-11,17.30678268666667,33.58634313333333,30.452609866666666,-10.487740810387402,-15.303892753467618
2019-03-21,58.84719046666667,70.0766376,48.59445853333333,240.0238596166298,108.64622659812962
2019-04-01,57.1692954,83.12859580000001,62.528225066666664,-2.8512747224815893,18.62526320754867
2019-04-11,51.20240793333333,75.48126686666666,74.36874086666667,-10.437224081419538,-9.199396260382098
2019-04-21,69.861077,86.81498293333334,80.999258,36.440999202538805,15.015270062553455
2019-05-01,69.90823006666666,94.28855186666667,85.55460526666667,0.06749547629600894,8.608616486249154
2019-05-11,88.4018942,115.61560066666667,98.67677846666668,26.454201623610274,22.618916483263575
2019-05-21,85.8049482,107.4119092,105.37022893333332,-2.937658772474583,-7.09566132888837
2019-06-01,110.78049460000001,167.96829686666666,129.86656506666665,29.107349778692626,56.37772209589089
2019-06-11,59.1428946,106.08976426666666,128.4667986,-46.612537871806914,-36.83941181419444
2019-06-21,69.17006446666666,124.97302733333332,137.05033540000002,16.95414121084744,17.79932606806609
2019-07-01,43.775107000000006,72.896371,100.44909766666666,-36.71379759795451,-41.67031674317392
2019-07-11,53.25671286666667,87.22982833333334,93.75931820000001,21.659811971828336,19.66278586533936
2019-07-21,54.43215466666666,75.7432922,77.18191866666666,2.2071242041220795,-13.168128784387356
2019-08-01,48.226303,74.5484478,77.3950808,-11.401076633233153,-1.5774920330172693
2019-08-11,54.66370546666667,77.3627528,74.12324893333333,13.348322525711055,3.775135610536462
2019-08-21,68.83164400000001,74.72750653333333,74.1529004,25.918364685271467,-3.4063501766533166
2019-09-01,56.290426933333336,71.05602093333333,73.0896846,-18.220132976435476,-4.913164871040188
2019-09-11,66.17722813333333,78.03809433333335,73.6193996,17.56391226470757,9.826153094824708
2019-09-21,60.8673576,74.99770266666665,73.59998546666667,-8.023712511250924,-3.8960352538593646
2019-10-01,101.93995513333333,103.44544286666665,86.02457553333333,67.4788575565392,37.931482150111016
2019-10-11,109.19370206666666,108.9887534,96.97274393333333,7.11570544036999,5.358680266348936
2019-10-21,119.54354986666667,100.54716400000001,104.62254346666667,9.478429253805377,-7.745376597728826
2019-11-01,93.6078078,84.1527158,98.12320473333332,-21.695643215877546,-16.30523184124817
2019-11-11,83.07371459999999,78.26947566666666,87.79266293333333,-11.253434352940817,-6.991147079929805
2019-11-21,114.24392313333333,99.66112506666667,87.03246399999999,37.521144544237515,27.330768754734702
2019-12-01,101.50501639999999,88.15731513333334,87.82145573333334,-11.150620868005245,-11.54292601617536
2019-12-11,135.64142180000002,126.21306253333334,102.6347444,33.63026440533636,43.16799728127232
2019-12-21,40.47771099333333,39.41815110666666,82.72604446666666,-70.15829644353276,-68.76856458795129
2020-01-01,29.856096726666667,37.556507133333334,68.77797226666667,-26.240649498228898,-4.7228089625402925
2020-01-11,39.676310799999996,58.71882446666667,40.836924266666664,32.891821604269445,56.34793794375699
2020-01-21,36.7673426,56.9497006,47.337891733333336,-7.331750713072838,-3.012873440051511
2020-02-01,53.593691,129.83551706666668,71.28819506666667,45.764385484851445,127.98279130314984
2020-02-11,76.4905098,162.80543733333334,106.98860733333332,42.72297423963578,25.393606473441
2020-02-21,7.86938056,26.1316892,108.04305926666666,-89.71195174332594,-83.94912993814998
2020-03-01,42.90561353333333,77.38093513333334,88.24018973333334,445.22224724296893,196.1191469142888
2020-03-11,27.614459933333332,49.07947286666667,49.276323733333335,-35.63905125868976,-36.5742055428783
2020-03-21,62.072031333333335,72.2986212,64.8745546,124.78089914916777,47.30928630063402
2020-04-01,65.59432453333334,95.02850393333333,71.41406686666666,5.674525425283594,31.438888261029962
2020-04-11,46.07980826666667,66.98236506666666,75.82672746666667,-29.750312097123434,-29.513396197778995
2020-04-21,109.23864780000001,139.59332073333334,102.99765866666667,137.06402415528572,108.403093253572
2020-05-01,87.2182008,115.72586693333332,109.4112534,-20.158110195867884,-17.097848002050387
2020-05-11,81.87429386666666,107.2005534,120.97437266666665,-6.12705477104194,-7.366817600290288
2020-05-21,76.06958553333334,95.69255386666667,106.19261920000001,-7.089781247806992,-10.735018774010674
2020-06-01,105.10218026666666,159.68117900000001,118.90669133333334,38.165837936124134,66.86896999581803
2020-06-11,110.36060933333333,202.47432799999999,146.9598406,5.003158881504555,26.799118886766205
2020-06-21,78.77245293333334,132.49692193333334,166.4613,-28.622673063167923,-34.561125233944054
2020-07-01,92.08906706666667,141.7428964,160.21295066666667,16.905166257299918,6.978256046822606
2020-07-11,92.59479593333334,145.44235,142.370679,0.5491736237272837,2.6099746046956085
2020-07-21,123.46512639999999,169.6447093333333,155.19953533333333,33.339163562596696,16.640517245034413
2020-08-01,47.06727933333333,70.8744984,130.54185346666665,-61.87807787856981,-58.22180445324743
2020-08-11,75.60974486666667,103.52435726666666,115.97867653333334,60.641842778278864,46.067146299079376
2020-08-21,62.48755106666667,64.12646360000001,77.16981713333332,-17.355162119830215,-38.05664165118387
2020-09-01,81.2378444,95.8900232,85.71445573333334,30.006446105287488,49.53268559783795
2020-09-11,104.67969346666668,122.81727773333334,92.74241406666667,28.855823587887652,28.08139328235488
2020-09-21,86.96482246666666,108.50363226666667,109.32191146666668,-16.92292976157882,-11.654423327754525
2020-10-01,109.85776106666667,106.56933606666666,112.9203238,26.324366508969522,-1.7827017949464952
2020-10-11,85.44689646666667,83.70677040000001,98.78825686666667,-22.220427908763206,-21.453230835898708
2020-10-21,82.82711613333335,68.38691653333333,84.23162306666667,-3.065974823737827,-18.301809750226216
2020-11-01,120.55286293333333,110.09913153333333,86.95881286666666,45.54757977963384,60.99443740772919
2020-11-11,112.69024833333333,101.57111933333334,92.87930033333333,-6.522130133357418,-7.745757919460128
2020-11-21,161.18059053333334,151.60004693333335,120.95524693333333,43.02975893403613,49.25507164671132
2020-12-01,87.9389454,75.54949353333333,109.455373,-45.440735072990336,-50.16525716079989
2020-12-11,151.53006633333334,139.06255566666667,121.95222493333334,72.31280821492925,84.06815077497589
2020-12-21,92.78081733333333,88.99349506666667,100.987426,-38.77068783878467,-36.0047033221622
2021-01-01,186.75625066666666,236.195821,150.88524700000002,101.28756787699777,165.40796136061556
2021-01-11,85.06402350666667,112.64673926666666,144.05647966666666,-54.45184661663943,-52.30790333641565
2021-01-21,46.25882446666667,66.78746766666667,147.52867933333334,-45.61881444152327,-40.71069602062616
2021-02-01,41.16968582,78.96943793333334,85.03885233333334,-11.001443952242706,18.239904419593135
2021-02-11,23.0151356,44.27258586666667,59.363608066666664,-44.096887936853335,-43.93706346999462
2021-02-21,7.924954026666668,26.6623109,45.53205233333333,-65.56633788998111,-39.77692881934335
2021-03-01,45.26459133333333,82.8069312,50.5392402,471.16534911145936,210.5767219899907
2021-03-11,58.77025913333333,100.80112686666666,71.80906926666667,29.837158366332783,21.730301323697244
2021-03-21,143.86304926666665,166.50111426666666,125.374319,144.78886325867904,65.17783029043294
2021-04-01,65.347694,98.939809,128.0253034,-54.576457031109804,-40.577088966780785
2021-04-11,75.55776,111.89220879999999,130.82127093333332,15.624217742098123,13.091191433369342
2021-04-21,90.25741873333332,115.08282866666667,109.6110198,19.45486305223094,2.8515120944387684
2021-05-01,90.81631073333332,117.53240673333333,115.5678246,0.6192200129844672,2.128534808404625
2021-05-11,138.71630526666667,181.35595026666667,138.579452,52.743823379903134,54.302932533442586
2021-05-21,68.00351513333334,87.23045573333334,129.18376533333333,-50.97655246612563,-51.90096845178267
2021-06-01,58.55394106666667,94.17884473333334,122.50844066666667,-13.89571413792221,7.965553935934344
2021-06-11,67.11820806666667,118.66386213333334,97.5670232,14.626286196942996,25.998426153271616
2021-06-21,54.942593333333335,102.3191664,104.6148494,-18.140553933203385,-13.773945529404797
2021-07-01,86.0814938,131.937907,118.79046293333334,56.67533798004196,28.947402175082605
2021-07-11,56.43174526666667,92.60160113333333,109.20631013333333,-34.44381274588585,-29.81425638855001
2021-07-21,50.875174666666666,75.78016766666666,99.40138759999999,-9.846533318688932,-18.16538079341217
2021-08-01,73.23813913333333,112.88242140000001,93.0855968,43.95653599852669,48.9603742981074
2021-08-11,119.32041166666666,157.396386,116.75322120000001,62.921140649735065,39.4339207539359
2021-08-21,103.68831146666666,105.1820942,124.59107633333333,-13.100943905280694,-33.173755209347696
2021-09-01,74.2765528,90.35752186666667,115.71260573333333,-28.36554887492969,-14.094197730219104
2021-09-11,91.37568633333333,111.6117536,102.54943580000001,23.02090348669672,23.52237123622811
2021-09-21,93.8475576,115.6650974,106.16033753333333,2.7051739536592123,3.6316460133101858
2021-10-01,71.84258960000001,73.8292954,99.23060033333333,-23.44756599185058,-36.16977198862411
2021-10-11,81.02587126666667,83.0085176,89.41072933333334,12.782503690076696,12.433035084877698
2021-10-21,118.32733626666666,98.78160460000001,85.78343333333333,46.036487379735824,19.001769283493395
2021-11-01,108.17397353333334,96.54705806666668,92.951239,-8.580741402351311,-2.26210795257048
2021-11-11,100.86341553333334,94.19479206666666,96.34125533333332,-6.7581487128669515,-2.436393243982382
2021-11-21,133.51053613333335,126.21383493333333,105.25087006666666,32.367653254029236,33.99237066525407
2021-12-01,124.93456493333333,102.76424206666667,108.57984400000001,-6.423441511339167,-18.579257083070832
2021-12-11,172.1024988,153.95382566666666,128.49943733333333,37.75411063530423,49.81264160620342
2021-12-21,93.10313206666666,79.66199706666666,111.22962293333333,-45.90251000663178,-48.255915874966995
2022-01-01,82.97637389333333,105.8020108,114.92156106666667,-10.876925349924903,32.81365606671596
2022-01-11,24.614507,37.90555266666667,76.81813506666667,-70.33552342062801,-64.1731264084192
2022-01-21,43.659068573333336,62.69945966666667,69.40417086666666,77.3712899199376,65.40969661630398
2022-02-01,110.37342586666666,260.03633433333334,103.4387116,152.80755974277014,314.73456982848325
2022-02-11,107.54742106666667,237.83271866666666,173.59867966666667,-2.560403265378264,-8.538658923796582
2022-02-21,123.27826406666667,300.0851704,281.14659133333333,14.626890021145854,26.174889679742908
2022-03-01,112.26150606666667,201.21078733333334,251.4315533333333,-8.936496699890528,-32.948773488163894
2022-03-11,68.94259126666665,120.48370853333333,203.658771,-38.58750547518489,-40.12065151669254
2022-03-21,91.70866333333333,107.73028073333333,138.36575226666668,33.02178181642259,-10.585188616161833
2022-04-01,100.09645853333333,150.757495,123.96954966666665,9.146131777663037,39.93975878812819
2022-04-11,92.26569426666667,136.50987806666666,128.97477373333334,-7.823218105222896,-9.450685641422574
2022-04-21,72.22453886666668,90.0007632,124.60142666666667,-21.721134338486593,-34.070146076867225
2022-05-01,99.6669058,128.8021379333333,118.53466306666665,37.995904666133654,43.11227300051754
2022-05-11,81.12065753333333,108.45448033333334,109.59343133333333,-18.6082312055349,-15.797608585139876
2022-05-21,56.551058,72.99398613333332,103.0593012,-30.287722363736293,-32.69620036997335
2022-06-01,84.6270896,131.28718766666668,102.60277106666668,49.64722605189811,79.86027975901055
2022-06-11,76.42155026666666,139.23801899999998,109.9646538,-9.696114296400605,6.0560603625086085
2022-06-21,76.58043706666668,134.3590992,136.39586726666667,0.20790837066979595,-3.5040140868421665
2022-07-01,51.856428599999994,79.9879714,115.18433973333335,-32.28501875112483,-40.46702316682397
2022-07-11,62.30095286666666,103.82578853333332,104.77844673333334,20.141233302492935,29.80175233364315
2022-07-21,86.97544339999999,122.104142,102.07005506666665,39.60531805370684,17.60482990292762
2022-08-01,67.7671912,101.086286,109.85864466666666,-22.084684422545863,-17.21305735885683
2022-08-11,52.96244673333333,75.81462533333334,99.4618024,-21.846477926130525,-25.000088208470395
2022-08-21,101.39727193333333,109.14228553333332,96.05283893333333,91.45126063353915,43.95940763865629
2022-09-01,84.24640026666667,101.16555873333333,96.0568296,-16.914529690643963,-7.3085575961883364
2022-09-11,78.93474313333333,98.03538993333333,102.89726146666666,-6.3049069355132765,-3.0941051867769964
2022-09-21,70.53290413333335,86.99982193333334,95.0276784,-10.644031596844417,-11.256718627328844
2022-10-01,126.36727046666667,131.48471633333332,107.23045233333333,79.16073642421651,51.132167183155964
2022-10-11,130.55438266666667,133.08031993333333,120.14727673333333,3.3134467370682597,1.2135278110612546
2022-10-21,184.52105266666666,154.0961816,142.45219266666666,41.336544126433864,15.791862896929153
2022-11-01,127.102531,113.25224393333333,135.00074800000002,-31.11759923155869,-26.505483291395628
2022-11-11,147.64499333333333,135.25516726666666,135.38398573333333,16.162119016601917,19.428244924034786
2022-11-21,93.85142113333333,92.59263226666667,114.44194126666666,-36.43440321647209,-31.542258874211658
2022-12-01,178.1625958,150.28688966666667,127.1669296,89.83473414524754,62.309771293509186
2022-12-11,206.11308333333332,173.7491904,140.0537736,15.688190558645498,15.611674967372235
2022-12-21,74.10367413333333,65.82053573333333,131.89813013333332,-64.04707894574055,-62.11750075968507
2023-01-01,91.07285606666667,123.94351793333334,124.176013,22.899245053357298,88.30524023001067
2023-01-11,72.80531526666667,133.09274113333333,101.43899153333334,-20.058161771744476,7.3817682058380685
2023-01-21,186.95048666666668,260.833816,175.47778193333335,156.7813709506186,95.97899463104054
2023-02-01,105.49730826666665,242.12913826666667,217.63145133333333,-43.56938559097271,-7.171109183685498
2023-02-11,63.700534833333336,127.85986759999999,221.97086499999997,-39.61880556012214,-47.19352304505263
2023-02-21,59.5920752,137.4476964,170.71761333333333,-6.449646999170023,7.498700710370532
2023-03-01,89.44711373333332,160.31285066666666,146.41094946666666,50.09900801933027,16.63553108967686
2023-03-11,27.614216086666666,48.17770066666667,113.05950693333334,-69.12788469732818,-69.94769884864627
2023-03-21,59.98172226666667,70.93720446666666,88.5501112,117.2131994564511,47.24074309288675
2023-04-01,65.61694573333334,94.37474953333334,70.1674374,9.394901069385098,33.039848754795486
2023-04-11,48.9142394,75.73384786666666,77.02731753333335,-25.45486710279534,-19.752001206723925
2023-04-21,61.923180933333335,77.4559392,81.19509366666666,26.5954079893826,2.273872755501838
2023-05-01,77.13492373333334,102.1284152,85.08574926666667,24.56550611696935,31.853562496082933
2023-05-11,68.51792286666667,92.36629126666666,90.36096746666666,-11.171335174268016,-9.55867562834104
2023-05-21,66.35893766666666,84.20748353333333,92.26063733333334,-3.150978765368162,-8.833100930488158
2023-06-01,71.10195213333333,114.28789373333333,95.22030620000001,7.147514160777724,35.72177784898742
2023-06-11,42.47792786666666,79.13697853333333,91.58395853333333,-40.257719243755375,-30.756464269100313
2023-06-21,63.2615348,114.53422206666667,103.42534313333334,48.928015035410134,44.72908138440444
2023-07-01,87.64931953333333,132.32733533333334,110.763633,38.55073198972296,15.535193713814088
2023-07-11,81.53435886666666,131.0476616,127.74937100000001,-6.976620810320289,-0.9670516904990434
2023-07-21,72.66199239999999,104.92419433333333,123.59078373333334,-10.881751681123387,-19.934325380336794
2023-08-01,56.211270733333336,87.61803386666666,107.82646926666666,-22.64006411509665,-16.493965549725154
2023-08-11,90.27384126666666,129.69569546666668,108.43351986666667,60.5974034903541,48.02397376781129
2023-08-21,76.26325666666666,82.8888186,98.78343679999999,-15.520093532536283,-36.089768976717195
2023-09-01,83.62907593333333,106.50108633333335,104.51836306666668,9.658411650136278,28.48667423682325
2023-09-11,64.25545986666667,80.225718,88.44469933333333,-23.166124760377294,-24.671455698672553
2023-09-21,94.65519633333334,114.49554733333333,99.87399366666666,47.31074453400173,42.71676238950375
2023-10-01,46.5775666,50.042451199999995,78.51312853333334,-50.79238287565892,-56.29310277515829
2023-10-11,86.020961,83.36319773333334,79.94774513333333,84.68324405766619,66.58496083687713
2023-10-21,106.51660786666666,91.3480642,75.64205100000001,23.826340264516066,9.578407119421062
2023-11-01,82.73620173333333,78.7147442,84.43987006666666,-22.32553834525102,-13.829871613196154
2023-11-11,116.4954934,100.36646606666666,90.05661140000001,40.803530932536745,27.50656447749298
2023-11-21,156.8756700666667,139.8113208,106.00943306666666,34.66243670732992,39.30083052553908
2023-12-01,112.42421306666667,93.45211326666666,109.8573814,-28.335469089062503,-33.15840753671884
2023-12-11,111.001577,96.77746906666667,109.04378840000001,-1.265417856047657,3.5583527046746166
2023-12-21,166.10176693333332,136.5713972,109.02163746666666,49.63910551769308,41.11900064871574
2024-01-01,108.88457626666667,135.15034533333332,124.48533266666666,-34.44706924137139,-1.0405193882476294
2024-01-11,90.1062092,126.51398586666667,135.92781933333333,-17.24612218784506,-6.390186754881033
2024-01-21,76.47929473333333,106.08128033333334,123.63780673333332,-15.123169188507667,-16.1505507816878
2024-02-01,43.5396238,89.44536339999999,112.14890113333333,-43.07005059106102,-15.682236188193832
2024-02-11,31.697385853333333,62.68605653333334,91.20426219999999,-27.198760377591203,-29.91693012302821
2024-02-21,15.104052226666665,38.92353993333334,60.87530913333333,-52.349218018941755,-37.907180502516184
2024-03-01,49.100443133333336,88.06712826666667,62.97281026666666,225.08125896602107,126.25672900641743
2024-03-11,10.425477166666667,22.397766633333333,46.69969186666666,-78.7670405777071,-74.56739299422478
2024-03-21,41.84571853333333,48.34707626666667,49.42813526666667,301.37940800567355,115.85668365128173
2024-04-01,43.58415286666666,64.6975854,44.278032,4.154389969307215,33.8190236016533
2024-04-11,77.0841138,114.42696959999999,72.50626766666667,76.86270979228837,76.86435883587086
2024-04-21,61.094750866666665,74.75683286666667,82.8945922,-20.742747299163135,-34.66851990575945
2024-05-01,78.32749726666665,104.2257482,96.1571472,28.206590837253387,39.4196947667552
2024-05-11,86.87217600000001,114.74945266666667,96.93278506666667,10.908913257170628,10.097029427385461
2024-05-21,88.5742788,110.95174606666666,110.6500446,1.9593187121271116,-3.3095640212175037
2024-06-01,74.95258386666666,115.26158206666668,113.81673213333333,-15.378838098237324,3.8844237723040465
2024-06-11,65.33798093333333,121.6855368,115.0824722,-12.827580367925373,5.57337025759177
2024-06-21,77.8650714,135.98300693333334,124.870328,19.172754174097474,11.749522999460815
2024-07-01,57.799095599999994,88.14198833333333,114.30096713333334,-25.770188659969573,-35.18161546718438
2024-07-11,50.135391,84.12379353333333,101.4369186,-13.259211965939476,-4.5587748540503625
2024-07-21,29.236186866666667,45.66860073333333,70.56027066666667,-41.68553135116335,-45.71262324821629
2024-08-01,74.7135594,108.18324679999999,77.43495966666666,155.5516550114265,136.887588108294
2024-08-11,73.93841526666667,102.031863,84.13330193333333,-1.0374878931726061,-5.686078003715444
2024-08-21,127.60203546666666,132.39427733333335,116.40144366666667,72.57880765560975,29.75777707139715
2024-09-01,80.83934946666666,100.60247726666667,113.61796226666667,-36.64728844565788,-24.012971487146263
2024-09-11,111.4959634,127.65169493333333,121.432522,37.92288549523064,26.887228228950445
2024-09-21,64.51246880000001,78.06019173333333,102.10457093333333,-42.13918887040173,-38.849075389010224
2024-10-01,123.46145126666667,125.03712186666667,111.2644206,91.3761069188328,60.18039296369446
2024-10-11,107.43994746666667,111.84219473333334,106.89437733333332,-12.976928130704424,-10.552807787277551
2024-10-21,65.02923126666666,55.91026180000001,94.29131686666666,-39.47388024659819,-50.009688263622245
2024-11-01,113.11067533333333,102.53102066666666,87.39204566666668,73.93820152893727,83.38497686424114
2024-11-11,139.00565300000002,121.95067506666666,92.49229893333333,22.89348692363038,18.940272196386545
2024-11-21,250.35980733333332,223.30000040000002,149.39735466666667,80.1076444951007,83.1068177998431
2024-12-01,102.41615146666666,82.07103520000001,141.85830473333334,-59.09241480989477,-63.24628972100979
2024-12-11,97.80971753333333,89.55257746666666,132.18544293333332,-4.497761209893336,9.115935053621271
2024-12-21,90.43780646666666,79.6909168,83.39129246666667,-7.536992491726946,-11.01214609968918
2025-01-01,63.0805384,79.8613138,83.91543473333333,-30.249813806297844,0.21382236124558585
2025-01-11,122.54299166666667,187.67052533333336,106.41307413333332,94.26434011962502,134.99553964679873
2025-01-21,109.92468633333333,140.80574366666667,132.77848953333333,-10.297043642982718,-24.97183912254054
2025-02-01,42.841181213333336,74.56212573333333,143.89793746666666,-61.02678784688762,-47.04610494452107
2025-02-11,70.53957213333334,139.97612733333332,124.95525933333333,64.65365831551702,87.73087000489896
2025-02-21,82.81867053333333,192.71898666666667,138.956646,17.407389963735742,37.67989609237701
2025-03-01,71.01835566666666,130.0896152,154.01613446666667,-14.248375143763282,-32.49776918710795
2025-03-11,62.33365626666667,105.66150566666667,140.58049986666668,-12.228809465489022,-18.777908978958468
2025-03-21,78.78105833333333,90.96640359999999,106.03665846666667,26.386069824468183,-13.907715940586474
2025-04-01,121.74734353333334,178.67302493333332,122.57234473333332,54.53885249700991,96.41649868780053
2025-04-11,92.60364419999999,134.59657426666666,131.283601,-23.937852348584553,-24.668777328369806
2025-04-21,85.14191000000001,108.50699393333333,140.7837316,-8.057711188864836,-19.38353964465982
2025-05-01,79.97041233333333,109.00763946666667,117.77822040000001,-6.073974223348621,0.46139471308268565
2025-05-11,82.230084,110.32530673333333,109.20401539999999,2.8256346325287174,1.2087843321014091
2025-05-21,92.3693894,115.85608226666666,112.2963764,12.330408661628024,5.013152192453663
2025-06-01,75.15091406666667,118.5881106,115.45490373333334,-18.640888984087333,2.358122491182635
2025-06-11,55.2553192,98.05872513333334,112.03032393333334,-26.474188788997576,-17.311503963422325
2025-06-21,39.7698738,72.90557533333335,96.89157406666666,-28.02525734029241,-25.651108318814586
2025-07-01,44.68063593333333,70.43376226666666,78.56774539999999,12.347944974704262,-3.3904307803144684
2025-07-11,45.52361140000001,75.0398572,71.07953126666666,1.886668461757024,6.539612232971992
2025-07-21,27.97907993333333,45.19499866666667,60.92054593333333,-38.53941048856829,-39.77200869904285
2025-08-01,83.95180893333333,120.4507904,78.40725626666668,200.05207152403887,166.5135390054516
2025-08-11,83.5560434,113.8412326,92.34984533333333,-0.47141989953738417,-5.487351123268347
2025-08-21,81.39415793333333,88.9469514,106.26742566666667,-2.5873478191365207,-21.86754362320563
2025-09-01,123.52504193333334,149.73548533333332,117.03915706666666,51.76155767163009,68.34245915856461
2025-09-11,103.33034053333334,126.016021,120.62024466666666,-16.348669940868433,-15.840910576761601
2025-09-21,70.89192393333333,90.05919606666666,122.59845766666668,-31.392925284646378,-28.53353458393464
2025-10-01,103.15854233333333,109.43797113333333,108.44831093333332,45.515224597858975,21.51781929334731
2025-10-11,102.68841633333334,104.75107533333333,101.90841520000001,-0.4557315267996742,-4.282696171596367
2025-10-21,95.54008446666667,77.39215733333334,94.73400993333333,-6.961186199875469,-26.118030686501204
2025-11-01,134.27160846666666,122.41011773333334,98.87255839999999,40.53955385973431,58.16863355559987
2025-11-11,162.488604,147.36238933333334,113.89819953333334,21.014863719561603,20.384157831101636
2025-11-21,303.41220100000004,272.620721,181.53370099999998,86.72829572712682,85.00020407740041
2025-12-01,53.61783366666667,50.645638999999996,157.7281444,-82.32838577685719,-81.42267439751947
2025-12-11,133.9954004,114.00512873333334,148.60163633333335,149.90826976156396,125.10354491397244
2025-12-21,99.02291360000001,86.57822566666667,82.11765853333333,-26.09976663049696,-24.05760457568561
2026-01-01,68.78625943333333,79.7467324,96.34596573333333,-30.53500757290046,-7.890544318808845
2026-01-11,22.633740053333334,35.93808833333333,70.10458126666666,-67.09555041981947,-54.934719891628646
2026-01-21,30.214823493333334,42.828888,50.79581846666667,33.49461212391858,19.174085173237508
2026-02-01,32.61521929333333,70.01665633333333,43.52808473333333,7.94443098610067,63.47997719047325
2026-02-11,112.73452093333334,221.5997186666667,103.35550673333334,245.65004735803413,216.4957172643049
2026-02-21,58.9158074,129.74452913333334,142.80583299999998,-47.739337593991785,-41.450950428101926
2026-03-01,48.33592733333333,84.89693806666666,144.74668066666666,-17.95762552286887,-34.56607485975657
2026-03-11,31.596546693333334,56.31736406666666,85.93523019999999,-34.63134269580097,-33.66384542344441
2026-03-21,38.962780466666665,47.97411733333333,58.830577133333335,23.31341410448364,-14.814696801961237
